"SCORE","GUESS","TRUTH","TEXT"
,,,"@POTUS @ambchrishill @JeffreyGoldberg @Max_Fisher 9. Now let's consider @POTUS might know what he's doing. Remember‚Ä¶ https://t.co/hj1fVQXFSX"
,,,"In order to live comfortably in Japan, if you remember the Japanese phrase
https://t.co/9EGVESQvF1"
,,,"18¬†Genius Inventions That Still Exist Only in¬†Japan https://t.co/rjcLBox6F5 via @bright_side_me"
,,,"japan school girls xxx videos hot porn free big booty https://t.co/NHDLTKosbm"
,,,"@alteileen @Dolphin_Project @SeaShepherdSSCS @CoveGuardians Japan has declared Sea Shepherd as Terrorists! ‚òπÔ∏è & The‚Ä¶ https://t.co/esyGTx588g"
,,,"Meet Lulu Hashimoto, #Japan's first living doll. https://t.co/KPfVd2l3sk"
,,,"@rafreuter @KH13com @benignkarma Because @minim0sca and I are getting married at Epcot and we paid for these costum‚Ä¶ https://t.co/WccrBBYRV8"
,,,"@EmoJoshy1 @BTS_twt @crayonpop @BABYMETAL_JAPAN @ladygaga That's a Big No hell NEVER !! üôÉ https://t.co/GV2VTEJtSK"
,,,"Check out FM Recopal 1983 31/Jan Japan Music Magazine Joni Mitchell Sonny Rollins  https://t.co/AJ0qzAJRgO via @eBay"
,,,"If you missed me at San Japan as Mai~ https://t.co/7LtZ5Ux3xS"
,,,"Japan Gets Hatsune Miku: Project Diva Future To... https://t.co/i1SrmnPBIr https://t.co/ysfNGfdTMy"
,,,"Great. https://t.co/Rib4XO6eEZ"
,,,"China, S Korea, and Japan SHOULD be taking the lead in this rather than this game of who has the bigger missile. https://t.co/bRIQ2HKFkK"
,,,"@TaleSpun There's an odd tradition of gambling / mentalism manga in Japan. Kakuregui (sp?) is only getting attention because of its anime."
,,,"interactive cyber sex japan sex fuck https://t.co/tomJ98uMNv"
,,,"free sex uploads free japan adult video download https://t.co/8up7v3bZtY"
,,,"japan black porn acting in porn https://t.co/bWaYj8ui6S"
,,,"yo i wanna give an insane amount of love to @LivingTombstone for hooking up the room at san japan and bein my roomie. had a freakin blast"
,,,"japan tv sex sexual activity and function in middle-aged and older women https://t.co/VTkaEqJvRc"
,,,"I'm so excited for 2018's Japan trip. ;-;"
,,,"Australia‚Äôs winter was hottest on record - The Japan Times https://t.co/LG0jGn5ubs"
,,,"japan movie sex 100 free cell phone porn https://t.co/qpGWjoAiqz"
,,,"@FoxNews @AmbJohnBolton Rocket fly's over Japan??? hmm. Why wouldn't they be the 1"
,,,"@spbv_universe Yay üíì Now let's send you to Japan~"
,,,"@xevss Only allowed in Japan üòÇ"
,,,"@FOXHOUNDER1014 I meant osaka based in Japan haha. Never mind, where you studying?"
,,,"Great. https://t.co/IzP6aCBKOc"
,,,"@SSUPrime Present

Maldives, Paris, New York, Italy, Japan and South Korea üñ§"
,,,"Japan take cabs to training after team bus¬†no-show https://t.co/qpmv9oIQ0y https://t.co/FRuR28OWck"
,,,"Drop-dead beautiful: Japan undertakers tested on how to dress a corpse https://t.co/dTWnl0nZ2r"
,,,"Japan take cabs to training after team bus¬†no-show https://t.co/dPxaMc3tfK https://t.co/Fzt6qDC4w1"
,,,"Japan Airlines touches down in Melbourne https://t.co/t9qAD8Zz7V"
,,,"Japan, South Korea leaders agree on need for stronger pressure on North - Jiji https://t.co/9RfiP2E1LF"
,,,"Great. https://t.co/asw9kNhXVQ"
,,,"Japan from the Southern Boso and delicious food and gourmet information and deliver information.„ÄÄ https://t.co/qPw2L7M2Ys"
,,,"lesbian strapon porn videos japan teens sex https://t.co/oFH6pwayDx"
,,,"What will #SouthKorea #Japan & #UnitedStates do? https://t.co/3yQk6qy5tU #NorthKorea #KimJengUn #ICBM #NuclearTest"
,,,"japan free nude sexy girls pissing https://t.co/JNOZE7pD2A"
,,,"New post: The Latest: S. Korea, Japan to build support for sanctions https://t.co/9x0nBnlcNa"
,,,"Maybe after I have this wild and crazy Japan adventure, I need to think about my future and consider relocating. Idk..."
,,,"why did ofd japan do me like this with minghao's hair making him look extra cute i have to go"
,,,"I MISS Mister Donut so much, time to book a ticket to Japan again"
,,,"It's not one of the more popular arcade games in Japan for nothing."
,,,"Beligium,Brazil, Mexico, Iran and Japan are the teams that have already secured qualification for WC 2018 in Russia who will be the hosts"
,,,"Sharp/#X68000 PC Game BRETONNE LAYS Japan 0810A29 #retrogaming #ebay https://t.co/lSDRoits0x https://t.co/y4g8XZo7HF"
,,,"Great. https://t.co/BeT3GO9qcu"
,,,"Apple ARKit app lets you record Mannequin Challenge style videos with virtual‚Ä¶ https://t.co/JWM98HiEox #thexeon"
,,,"TomTom VIA 1510M SE 5 GPS Unit Navigation touchscreen https://t.co/IKpLJ9e2dm"
,,,"@jadan_dan No I'm American. I was just in Osaka for a vacation. Been in Japan since May and I'm becoming an international student this week."
,,,"Vintage Fisher AM FM Stereo Receiver Model190 B Amazing Sound Made in Japan https://t.co/TUK1ZhQ4ts"
,,,"An online shopping site for high quality made-in-Japan products, that can be purchased directly(https://t.co/txIKFtkzkW)"
,,,"Doujin PC Game Gokujo Ragnarok From the myth comedy Japan  https://t.co/9Uz3lvEQlm #eBay https://t.co/tXRqg9KHAY"
,,,"@realDonaldTrump Do you ever consider South Korea and Japan? Are we going to kill innocent people like we did in Iraq?"
,,,"„Äê#USGS #Breaking„Äë#earthquake„ÄÄM 1.3 - 26km NE of Arvin, CA https://t.co/BMQqmPvvBk #alert #tsunami #prayfromjapan"
,,,"@kimminorin @himitsu_no_koto Then ""see you both in Japan 2020"" for now. XD QwQ"
,,,"Case 9/4 1:00 when I was in the vicinity of onojo city kawakubo 3-Chome blocked stranger guy ... https://t.co/pr4f56lI0X #fukuoka #japan"
,,,"Zico studied abroad in Canada, Japan, and China"
,,,"Amaizing guitar player from japan. https://t.co/4lmk6Mu5J1 #music #free #youtube #iTunes #Yngwie #rock"
,,,"@AOCarr @BrendanTN_ Good point, but it has become commonplace to argue that decoupling will lead ROK and Japan to g‚Ä¶ https://t.co/gxYi5wupiD"
,,,"Japan PM Shinzo Abe says aims to increase missile defence capabilities
https://t.co/ShAEYg8RWe"
,,,"orgy by 500 in japan fack https://t.co/QBSBjNg24C"
,,,"Check out JAPAN WWII Military official cover CENTRAL CHINA Jiaxing post office to JAPAN  https://t.co/hRsdBIm5bi via @eBay"
,,,"@CEOJebailey The godliest dipping noodles in Japan"
,,,"@Pete_Grimaldo Dude, Japan is amazing! Food is amazing, people are sweet! 
Banking system is a bit on the archaic s‚Ä¶ https://t.co/FKvfR8klqg"
,,,"VOX POPULI: #Tokyo governor chooses to keep dark chapter of #history in closetÔºöThe Asahi Shimbun 
#Japan #Korea 
https://t.co/9MHYYmfJAz"
,,,"#NowPlaying Alphaville - Big In Japan  on #RadioMagica877.  https://t.co/DQHuRawi57"
,,,"japan girlsxxx porn soroity https://t.co/t5uWRdY4oR"
,,,"@tetsuzawa @PonyoTakumi Inspiration of Japan"
,,,"Check out 1943 JAPAN WWII Military DAI NIPPON 3.5c postcard Sumatra to JAPAN HIROSHIMA  https://t.co/7FpcrVy6oA via @eBay"
,,,"Good in Japan here ! https://t.co/hWoFh6BB4O"
,,,"Cold chain cargo service to ROK, Japan launched in east China (Xinhua) https://t.co/hhxmI5eZ2X https://t.co/421X8UdSME"
,,,"Morning Shepherds. Yesterday saw the first successful capture of dolphins in Taiji, Japan. The hunters found a... https://t.co/MxC23v9ZRO"
,,,"My Japan Name isNagami ShiroganeMy English Name Is VintzPhantomMy Korean Name Is JungRae InNice To Meet You ^^"
,,,"wanna live in Japan."
,,,"Currently, Japan is 14:00."
,,,"Check out 1942 JAPAN WWII Military picture postcard PHILIPPINES WATARI 6768th force   https://t.co/pGZexJUJqZ via @eBay"
,,,"until the next time japan, thanks for everything! ‚ô•Ô∏è https://t.co/FNIyehlAOU"
,,,"Check out JAPAN WWII Special Air Military postcard BURMA Area army Land duty 94th company  https://t.co/67DSZal63J via @eBay"
,,,"BOOM BOOM JAPAN / DAVE RODGERS"
,,,"Current time in Japan September 04, 2017 at 02:00PM"
,,,"It's 2:00 PM in Japan"
,,,"Check out JAPAN WWII Military postcard BURAM YUMI 6824th force Thanbyuzayat to JAPAN  https://t.co/m4rjCWN17M via @eBay"
,,,"Citizen Hyojin mother is Korean and father is a citizen of Japan Hyojin so that the result is definitely beautiful as Hyojin combined! :^)"
,,,"Sharapova's U.S. Open ends; Williams faces Kvitova in quarters - Japan Today https://t.co/ohl5UHIKfP"
,,,"Check out 1938 JAPAN WWII Military sword picture postcard Imperial Japanese Navy SHANGHAI  https://t.co/rfU96uYdis via @eBay"
,,,"I need to visit Japan"
,,,"Click HERE‚û°Ô∏èhttps://t.co/2XWZm7kK9u
#Finance #Politics #Business
‚ñ∂Ô∏èThe Latest: S. Korea, Japan to build support for‚Ä¶ https://t.co/WgeS0McCMT"
,,,"Check out JAPAN WWII Military picture cover PHILIPPINES MANILA 12th Army hospital to JAPAN  https://t.co/a4sf7SdXaF via @eBay"
,,,"teen japan fuck new housewives sex galleries https://t.co/wXjUtrvsS8"
,,,"@motomatters @denkmit @DrMitchellAdam Japan too. Translation/editing/writing is paid by character count."
,,,"hot sexy naked girls getting fucked free sexy japan girls https://t.co/MT49fJJhbg"
,,,"Plot_"
,,,"Japanese Floral Stoneware Coffee Cups, Hand Painted Japan‚Ä¶ https://t.co/atLbqcELF1 #AntiquesAtlanta #HandPaintedCups https://t.co/fFKAD7rvyw"
,,,"Check out JAPAN WWII Military postcard PHILIPPINES WATARI 10609th force to JAPAN  https://t.co/J3HgX18elh via @eBay"
,,,"Goddess Worshiped and Sensually Conquered! - Part 3 (High... https://t.co/87vstKg2VO #ASSFETISH via @clips4sale https://t.co/L1F36crwQ6"
,,,"@blkdog7 @tigheklory @matt_villanueva Something popular in japan has no impact on what tig is seeing in the usa. Th‚Ä¶ https://t.co/oOvD1iQ6RK"
,,,"1960''s Okinawa night life #Japan #Okinawa #Nightclub #neonLights
#Archive #Bars #Dancing #1960's https://t.co/FymfiQxLFF"
,,,"Hikari Plays Footsie with the Utility Man! - Full... https://t.co/5bva2cI92I #FOOTDOMINATION via @clips4sale https://t.co/KUKR33aCyK"
,,,"5 Things You Need To know About Japan‚Äôs Naked Man Festival. https://t.co/c7rFEpz4Na Photo:natgeo https://t.co/eCJFZmFiXj"
,,,"Check out 1940 JAPAN WWII Military cover Japanese NAVY WARSHIP HATAKAZE Taipei FORMOSA   https://t.co/SHTsQrKzkZ via @eBay"
,,,".@Wonderland_248 on #Periscope: #Japan is perfect? #Japanese #chat #mylifeinJapan üáØüáµ #golive https://t.co/pedS3L7REt"
,,,"I want to go to japan this summer"
,,,"Japan's Princess Mako giving up royal status to marry commoner - NY Daily News https://t.co/F3qJUsIaK1"
,,,"Excellent Night Tour of Koyasan You Should Join!
#koyasan #temple #japan #travel #zen #mountain #nighttour #wakayama
https://t.co/SoE2qfHuwZ"
,,,"The Latest: S. Korea, Japan to build cybersupport for cybersanctions"
,,,"Tokyo, Japan @ 14:00
THE KING OG'S „ÄåGracias!! „Äç
https://t.co/58iXE0JbEY"
,,,"Princess Mako of Japan will leave royal family to marry university boyfriend¬† - https://t.co/HgxcgOA8C1"
,,,"Apple ARKit app lets you record Mannequin Challenge style videos with virtual objects https://t.co/vDtcsvSmvI"
,,,"Japan take cabs to training after team bus no-show https://t.co/0aYv4CCOyk #news #Sport https://t.co/dulNjdieSK"
,,,"Let's continue to support and love Minzy üñíüí™üíú #Minzy #Pos #kpop #kpopfan #korea #japan #Thailand #china #Philippines‚Ä¶ https://t.co/wsOeTlJSZx"
,,,"Check out JAPAN WWII Military South Philippines picture postcard PHILIPPINES CANGIPOT  https://t.co/iPWbfLkSdM via @eBay"
,,,"Japanese Customs and Traditions ‚Äì Christmas in Japan
#Christmas #Japan #Travel #Blog #Trip 
https://t.co/PHGKRp1sTu https://t.co/OM2jkFn0IA"
,,,"Live action Tokyo ghoul movie??? ...... At least Japan is making it"
,,,"1998-2002 Weekly Shonen JUMP Magazine Japan Anime comic manga lot of mass 26 set #comics https://t.co/v6ub9vDpCu https://t.co/EfURmVno70"
,,,"japan girl emo flix sex https://t.co/8p3z4qDiDC"
,,,"Check out 1934 JAPAN WW Military cover Imperial Japanese Navy Warship ASAGAO to JAPAN  https://t.co/z2Ggm1ru1c via @eBay"
,,,"free sex offender information www japan girls nacking full fucking videos https://t.co/iatjUHRx3v"
,,,"X JAPAN / The Last Live [Disc 3] https://t.co/Fn9TmS5xsh"
,,,"Check out 1943 JAPAN WWII Military 5sen cover KOREA Yeosu Korea 7401th force to JAPAN  https://t.co/MYoktVXMAo via @eBay"
,,,"@ani_digital @ANI #India #China #Japan and many, Asia has potential to rule #theworld if all work together and‚Ä¶ https://t.co/ZRIVsHV9rG"
,,,"@TotoroMon They will have commemoration live something in japan on 9/9 (?)"
,,,"free porn email sign up small japan pussy https://t.co/4Xk6MxWkuM"
,,,"#J.Springs by Seiko Automatic 21 Jewels Japan Made BEB554 Men‚Äôs Watch : https://t.co/CfUaoJwh8t https://t.co/52CBDaEKCv"
,,,"Mini 4WD Circuit at our retail store! üòó
#mini4wd #tamiya #minicar
Visit our facebook page! 
https://t.co/hwEP5iITLV https://t.co/1NGad0Uikr"
,,,"Check out JAPAN WWII Special Air Military postcard PHILIPPINES GAKI 6558th force to JAPAN  https://t.co/7061zeFGe8 via @eBay"
,,,"Japan in the 30s-40s were the most feared motherfuckers in the world it's crazy what anime, hentai and porn can do to change that"
,,,"6 rising startups in Japan https://t.co/SPJJ3xPSFW"
,,,"#BMX OLD SCHOOL 70's-80's BMX SUNTOUR Japan SCHWINN STYLE Alloy Stem 26 24 https://t.co/OZxIKKm3zW #sports"
,,,"[TRANS] 170904 BTOB_JPN
#BTOB Japan 7th Single „ÄåBrand new days„Äç is 1st place on Tower Records all stores weekly cha‚Ä¶ https://t.co/yGLMZ9SSod"
,,,"6 rising startups in Japan https://t.co/CTfxNhWtLS"
,,,"May Japan never run out of weird and crazy https://t.co/kksLmlyhYy"
,,,"Check out 1944 JAPAN WWII Military postcard PHILIPPINES WATARI 7862th force 5th Army   https://t.co/hfZCYlXXPd via @eBay"
,,,"6 rising startups in Japan https://t.co/2Xdb0BGeA6 https://t.co/x3Aq0NXCed"
,,,"Japan's Princess Mako announces engagement to commoner - https://t.co/q8m5SzpyZ3"
,,,"Judo: Mixed team gold caps glorious week for Japan - Channel NewsAsia https://t.co/Riww2NrNcu https://t.co/vWI7kYZLS0"
,,,"@carlilloos Yeah, I know:// those kind of nights don't happen often here bc ppl don't vibe with it. Btw, how's Japa‚Ä¶ https://t.co/MIZOqo9TF5"
,,,"Check out JAPAN WWII Military postcard BURMA YUMI 6823th force Thanbyuzayat to JAPAN  https://t.co/HlO3dXruFA via @eBay"
,,,"Apple ARKit app lets you record Mannequin Challenge style videos with virtual objects https://t.co/z39bLn4NXM"
,,,"See Hiroshima differently from Japan's new #Luxury seaplane - South #China Morning Post https://t.co/Sy9twgPIN8 https://t.co/h7vwHBgGxB"
,,,"Check out 1939 JAPAN WWII Military 2sen postcard Warship ISE to JAPAN   https://t.co/Hfh73rrOll via @eBay"
,,,"nude girl exercise video japan free porn movies https://t.co/TEKqVbMuVa"
,,,"EDITORIAL: Nations must build framework for dialogue to rein in #NKoreaÔºöThe Asahi Shimbun 
#Japan #ICBM #nucleartest
https://t.co/m12RnubORq"
,,,"Check out JAPAN WWII Military postcard SUMATRA TOMI 15803th force to JAPAN  https://t.co/bAh69uJF0V via @eBay"
,,,"China Action and Strategy on Japan

#yoyotvchannel https://t.co/LsZKTl5GUg"
,,,"So last week they flew missile over Japan then they gone nuclear test that look like earthquake they getting ready to boogie #NorthKorea"
,,,"No abnormal radiation readings in Japan after North Korean nuke test: NRA secretariat https://t.co/9PFcH3XDlX"
,,,"Check out Russo Japanese War JAPAN Military cover CHINA field Artillery the 17th regiment   https://t.co/B2vFU6Agbo via @eBay"
,,,"japan nude woman workout porn movies https://t.co/90iWt7qRwB"
,,,"I liked a @YouTube video https://t.co/c7P4OPjSmO 17 Crazy Things That Are Only Possible in Japan"
,,,"""eat the rich themes"", from one of the richest men in japan https://t.co/3tMnZ2g9oJ"
,,,"Fuunji Ramen in Shinjuku. Highly rated and some of the Japan SF player's fav here. https://t.co/qSBd0VXWgM"
,,,"@errereme really?? maybe I'm used to seeing the huge audiences at korean/japan concerts because I watch a lot of co‚Ä¶ https://t.co/Usuf8I2XZn"
,,,"Currently in discussions with friends about moving to Japan, it would be awesome!"
,,,"fukc japan sex girlbeatmanporn https://t.co/oWj3kuKkYs"
,,,"New flavour!! #cookies #kinokonoyama #fall #seasonal #japan https://t.co/HezYvyhd7u"
,,,"Check out JAPAN WWII Military postcard INDOCHINA NISHIMURA force to JAPAN  https://t.co/LRHpc8b6GH via @eBay"
,,,"My followers live in 16 countries: USA(67%), Japan(7%)... https://t.co/XfI2hFtcjy Get your free map! https://t.co/pPK3iGIp24"
,,,"sex facu girl jeans and city japan sex public https://t.co/CRsuRMh3fU"
,,,"black labrador fuck girl video japan sexy girl xxl https://t.co/ZCxFEpgXnB"
,,,"@bannedlibrary I was at San Japan this weekend dressed as Princess Elizabeth de Valois. Still, running is a good plan, my skirt is huge"
,,,"‚ú∫ Apple ARKit app lets you record Mannequin Challenge style videos with virtual objects https://t.co/U5TibZXgCG"
,,,"plaboy girl fuckin japan girl xxx https://t.co/1aqyYrXy3N"
,,,"Apple ARKit app lets you record Mannequin Challenge style videos with virtual objects https://t.co/rUIzB5Xzrc‚Ä¶ https://t.co/HgnkzzVlPd"
,,,"Nice! Anything in Japan? https://t.co/sRp0sY7pSH"
,,,"Potato Chip Sales Competition Seen Intensifying in Japan https://t.co/ximX5WxcwV"
,,,"Bet365 Betvictor maximum football payout
 #englishpremierleague #Japan v Australia result
-> https://t.co/swwKXQrERO
https://t.co/YrrdNxwN66"
,,,"@Rocky_feo That Japan mart on Queens street has cheap ones."
,,,"Rural village marks centenary of autonomy with #KabukiÔºöThe Asahi Shimbun 
#theater #Edo #Japan 
https://t.co/Ui0O9PE4ht"
,,,"Bom Fact #10: Out of 2NE1, she has the most number of fans in her individual fancafe in Korea and Japan!"
,,,"Check out Fairy Tail - Erza Scarlet Cat Gravure Style 1/6 Orca Toys Figure Stock New Japan  https://t.co/vOvgNxyoVc via @eBay"
,,,"Japan or the E? https://t.co/OCbFsmXOIC"
,,,"Wow im late... COLD CASE JAPAN SEASON 2!!!!!!! https://t.co/zewOz0oANz"
,,,"Apple ARKit app lets you record Mannequin Challenge style videos with virtual‚Ä¶ https://t.co/oeINSbmpZd #TechText"
,,,"Like, there is a whole /town/ in Japan that lives an almost entirely waste free lifestyle, and I. Make. So. Much. Trash."
,,,"We have this new Sakae Aluminium shell COA 14x5.5 for $565, made in Japan. One of the most versatile drums availab‚Ä¶‚Ä¶ https://t.co/ewUb4oGpPq"
,,,"7th JCP-CPV theoretical exchange held in Tokyo https://t.co/3iQ5ZSWd4K"
,,,"Apple ARKit app lets you record Mannequin Challenge style videos with virtual objects https://t.co/BwXomcQ48u"
,,,"A(Ôø£œâÔø£)Zy~~~7‚òÜIt's like dragon quest 11.After won with last boss bad mirage Japan Satan 1 movie."
,,,"6 rising startups in Japan https://t.co/BF6brsfDmt https://t.co/v2RNo1Yeod"
,,,"I liked a @YouTube video https://t.co/lauytRKcHp Is it Too Dangerous to Live in Japan?"
,,,"6 rising startups in Japan https://t.co/vopwaMvwKJ"
,,,"6 rising startups in Japan https://t.co/FS82Sx56FM https://t.co/kn1VZQxYHR"
,,,"6 rising startups in Japan https://t.co/eapx5Fmt90"
,,,"Teams that have secured a
place at the 2018 World Cup:

Brazil
Iran
Japan
Mexico
Belgium
Russia (hosts) #WCQ2018

https://t.co/ltWJVd9WdR"
,,,"@paulypilot @dinocras51 @afneil ""Evidence? USA, Japan, China - world's 3 largest economies"" There's a clue in there‚Ä¶ https://t.co/j4XR64w6VO"
,,,"K Pop and Anime made the world forget how much fucked up shit Japan and Korea did in the 30s-40s"
,,,"#Japan #Japantravel #travel Treetop Obstacle Course in Chiba, Japan! TARZANIA https://t.co/wzt4c01jJC https://t.co/KMyOwPV8Tp"
,,,"hilton brown pussy teen and old japan https://t.co/cXTa5Jv7ux"
,,,"Here‚Äôs a song for you‚Ä¶ Mr. Scary - Live - Japan 1988 by Dokken
https://t.co/ZAqjm8Cm1E"
,,,"#Japan #Japantravel #travel Tajima: Where Kobe Beef is from https://t.co/yF8iOZQCtj https://t.co/MtonPHr7nT"
,,,"#Japan #Japantravel #travel Japan News This Week 26 March 2017 https://t.co/jqDjhCXe5x https://t.co/uHHbjZjPQu"
,,,"I liked a @YouTube video https://t.co/BmHMIuOK34 Homeless in Japan Part 2: Who They Are"
,,,"One more night with this guy before I head off to Japan. As You Like It was amazing!! @PublicTheaterNY‚Ä¶ https://t.co/aZBjdFwDoH"
,,,"naked news japan free  https://t.co/RWQevKGr0m"
,,,"#Japan #Japantravel #travel The Japanese Seasons: February https://t.co/rcGJ44rBlt https://t.co/Hu2Y8XH8Uv"
,,,"see video school japan seex video live sex cam https://t.co/H82ikyhQcT"
,,,"#Japan #Japantravel #travel On Taking Pictures in Kathmandu. https://t.co/IaI4Z7XjBM"
,,,"video hot nudegirls japan amatuer pornography https://t.co/JLQJpTV5Uc"
,,,"One of the most ironic thing about Japanese tattoos is that in Japan they're taboo and you wouldn't be allowed certain places bc of them."
,,,"I was watching videos of a canadian who lives in tokyo and a bunch of animes and now I just wanna go to japan!! üò£üôèüèº https://t.co/d6DSB6HO3A"
,,,"S. Korean Authorities' Sycophancy to U.S. and Japan under Fire: Rodong Sinmun https://t.co/eTYZftcxLX"
,,,"Apple ARKit app lets you record Mannequin Challenge style videos with virtual objects https://t.co/CpqXIkyALm #mashable"
,,,"""Not The First Or The Last"" by Holon on @SoundCloud https://t.co/HjXgRPa1J8 #electro"
,,,"""Jensen Interceptor - Carter's Green Factroy"" by CPU RECORDS on @SoundCloud https://t.co/5xTV4JCLVz #electro"
,,,"""Plant43 - Edge Of The Wood EP"" by eudemonia on @SoundCloud https://t.co/f6x9HDxuTS #electro"
,,,"This movie makes me wanna go back to Japan.. üò•"
,,,"6 rising startups in Japan https://t.co/g5wYkbR5LK"
,,,"6 rising startups in Japan https://t.co/475nBhCbSu #itc4 #m4 #tech24 #FrenchTech"
,,,"nude hot girls pics japan hidden sex https://t.co/sk8TICofLC"
,,,"Apple ARKit app lets you record Mannequin Challenge style videos with virtual objects https://t.co/EkZ2Lu9V7D https://t.co/ZTBUjUMTRn"
,,,"6 rising startups in Japan https://t.co/N2GeAOIFcL https://t.co/nEyCZiG4yD"
,,,"6 rising startups in Japan https://t.co/0VSMN1JOuh https://t.co/fpCqxDPmYx"
,,,"üÖøüÖ±
Today's #Naphtha offers opens stable C and F Japan basis."
,,,"big ass women having sex japan girl nude video https://t.co/r6HsfH5OFf"
,,,"Still wishing for Autumn in Japan. Soon, mylove, soon.."
,,,"6 rising startups in Japan https://t.co/u6xb9G8rx8 https://t.co/UuFPJwSXv5"
,,,"@PolticsNewz America played peace games with Japan and was rewarded with Pearl Harbor fool me once fool me twice ."
,,,"found this rly cute windbreaker my grandma got from japan when i was younger and it still fits me ü§î"
,,,"modelsex japan free sex in cars https://t.co/hoDPbIUyT8"
,,,"@ApostolDyankov A friend did suggest it for a recent flight to Japan, but I prefer catching up on movies!"
,,,"@DougHenwood Why US fomenting war with Iran is a lot more concerning to me than NK. Unlike SK and Japan re NK, KSA‚Ä¶ https://t.co/4LUNECeG6l"
,,,"#SEASON33
""ELVIS""
.
.
Short sleeve floral beach printed shirt.
Vintage blue japan garment‚Ä¶ https://t.co/qO8fmic9BK"
,,,"My followers are in Japan(83%), Tanzania(8%)... Get your map too: https://t.co/OEz66Pw1Jc https://t.co/MKhNjLswVx"
,,,"SUZUKI MRWAGON X  - #ytrd #car #japan https://t.co/2Ot984DjZW"
,,,"ass fuck girl pics japan sex animation https://t.co/cTSRrkJUjV"
,,,"I've been to Paris, London, Istanbul, Japan, Morocco, LA, Sweden
-w/o leaving my room, w/o busting my wallet
... just by reading.
#amreading"
,,,"Luxury bus of Japan.Can move from Tokyo to Tokushima. https://t.co/Lj4RUDbj8D"
,,,"free movies sexy japan girls online is adult friend finder free https://t.co/QpNWEYuzvy"
,,,"""You and I are the same.""

Freakkkkkkk this makes me want to watch OFD in Japan again. üò≠üò≠üò≠üò≠
https://t.co/fSxTkNtDfD"
,,,"@xxirxxnoy Uhm.. from what i saw... nope. Only at seoul they not even with him at japan"
,,,"6 rising startups in Japan https://t.co/xlIt9PndQk"
,,,"I'm at Nagoya,Japan!
I had kishimen in Nagoya station :)
Do you know kishimen?
It's a kind of‚Ä¶ https://t.co/lcPkpIK36l"
,,,"#Japan is introducing Aegis #ABM to help counter #DPRK threat https://t.co/9tyYh3on3a"
,,,"@donson_jay They all have to go back. They are illegal immigrants and that's that. If I went to Japan illegally I'd have to leave too."
,,,"Apple ARKit app lets you record Mannequin Challenge style videos with virtual objects‚Ä¶ https://t.co/gCTmdofgLX"
,,,"Â∞ëÂ•≥ÊôÇ‰ª£(SNSD) Welcome to Girls' Generation 1st Japan tour! [full]2
‚áíhttps://t.co/KvDQdrNg4R"
,,,"Squelching bad #news in #Japan https://t.co/lWNTZdUF9C
#nationalism
crisis of #FreedomOfSpeech #FreedomOfExpression #iseshima #summit"
,,,"hold signing event in Japan please:// https://t.co/gQtnEFxxCx"
,,,"Death Note
https://t.co/UmjaJslzVJ
‚Üë
USA

https://t.co/UHWm3gXZqJ
‚Üë
UK

#amazon #anime #Japan #DeathNote

https://t.co/Vs7O2ZY78L"
,,,"I have 2 new followers from Japan last week. See https://t.co/y2tKAgHVso https://t.co/lvQZ3ZlEqh"
,,,"LU4AA (Argentina) is heard on 24MHz at PM95 (Japan) right now.  https://t.co/tEmiDoqf9C"
,,,"Apple ARKit app lets you record Mannequin Challenge style videos with virtual‚Ä¶ https://t.co/QUIXXymM28 #Iphone‚Ä¶ https://t.co/cdkjgSBoEl"
,,,"Belgium has become the 6th team to qualify for #Russia2018. They join:
Russia
Brazil
Iran
Japan
Mexico"
,,,"Belgium has become the 6th team to qualify for #Russia2018. They join:
Russia
Brazil
Iran
Japan
Mexico"
,,,"#Taiji: 10 pilot whales slaughtered & 3 taken for captivity. No search yet. We will wait & update as events unfold.‚Ä¶ https://t.co/ggCSw2INRB"
,,,"Demand an End to Nursery Pod Dolphin and Whale Drives in Taiji and the Rest of Japan #care2 https://t.co/JYJe3FoqkV"
,,,"China's J-20 vs. Japan's F-15: Potential Powerful vs. Japan Ability - Wh... https://t.co/jpoQhyvVAh via @YouTube"
,,,"Yo North Korea gotta stop testing on Japan and do some long range practice in Los Angeles"
,,,"@kyonijimura Yeah
Everywhere I go I'm like ""nihongo ga hanasemasen! Gomenasai! üò≠üò≠! ""

I'm currently living in Japan"
,,,"Lil sissy have arrived in Japan üáØüáµ"
,,,"@Extermicakes You can in japan I believe"
,,,"Basta ako wala akong paki sa Paris. The Japan picture is enough. But there's more the tweet of Ate Dub is the best. üòçüòçüòç
#ALDUBLoveProtects"
,,,"Stamp rally draws pilgrims to 'Yuri!!! on Ice' city in #SagaÔºöThe Asahi Shimbun #manga #anime #Japan #YuriOnIce
https://t.co/h11OBG2s85"
,,,"want to retweet Sechskies Japan FM, but got confused whether I'll end up RT-ing all of the tweets üòÇüòÖüòÜüíõüíõüíõ"
,,,"[PIC/LQ] 170904 SHINee Key  @ Japan Haneda Airport 
Cr: as tagged https://t.co/a3OuNtP0YU"
,,,"@missingwords Just saw a YT video of his abandoned Mansion in Japan. Wild!"
,,,"Just curious, while flipping channels tonight...curious why American Ninja Warriors has a ""Team Japan""? Not mad...just curious. ü§î"
,,,"They're going to Japan again ;-;"
,,,"I liked a @YouTube video https://t.co/GR7oCAVwP5 17 Crazy Things That Are Only Possible in Japan"
,,,"Apple ARKit app lets you record Mannequin Challenge style videos with virtual objects‚Ä¶ https://t.co/gC1GNBfG71 #tech"
,,,"Trading ticket inside the Tokyo Stock Exchange building in Toky https://t.co/LhJiXQnJP3 #forex #binaryoptions #cryptocurrency #stockmarket"
,,,"teen sex video japan xxx kashmir girls nude pictures https://t.co/GswguP7AB3"
,,,"[EXO Facts] Chanyeol has starred MV SNSD Genie Japan Version."
,,,"male strip japan xxx free hd https://t.co/x815vcTlpp"
,,,"@nzhippygirl @tmckinley @AFP In terms of Foreign Policy, Japan has no sovereignty ... and therefore, no leadership. üê±üòä"
,,,"Japan: Happy Pocky day! Share a problem"
,,,"japan dont let me down (Ôº¥‚ñΩÔº¥) we've prepared a lot for this trip"
,,,"Japan calls for tougher U.N. sanctions
https://t.co/rYle2G2GyE
#NorthKoreaNuketest #hydrogenbomb"
,,,"TMNT Return of The Shredder  #Sega #Megadrive Japan Excellent #retrogaming #ebayüá∫üá∏ üî•üîóhttps://t.co/lsEPau3GCF https://t.co/XOXZVttKyi"
,,,"Hotels in Japan

‚û°‚û° https://t.co/i10EMZGNs7
 
#Hotel #Japan #Travel #Vacation #Destination #Holiday #HotelDeals"
,,,"Today's Lunch !
This is coconut bread and curry bread.üòã https://t.co/szEHELeMr6"
,,,"‚ûõMASAKI YODA -ÂÆáÂÆôËàπ(Space Ship)(High Resolution)- https://t.co/Eb8FAVtSwi #music #musik #japan #INFORMATION"
,,,"@ExplorerNilghe Fell in love with it when I went to Japan. Luckily, I found out there are some in the LA area. Been twice to get my fix üòã"
,,,"‚ô®MASAKI YODA -Right now Heart(High Resolution)- https://t.co/W7T11pJqtc #music #musik #japan #INFORMATION"
,,,"#SouthKorea s President #MoonJae-in, #Japan PM #ShinzoAbe agree to pursue strong UN sanctions against #NorthKorea
 https://t.co/hSkQdAokTU"
,,,"menstral fucking orgy in japan https://t.co/PtgH0n2yTK"
,,,"‚ûùVery very Berry 2016 Single -Night Cruising(High Resolution)- https://t.co/Xbs6yj2uLo #music #musik #japan #INFORMATION"
,,,"japan menstruation nude photos adult poodle costume https://t.co/yskdP7Vdel"
,,,":/ All work CLOSE - #Japan @japan #Internet @intanetz @Google #Google

 https://t.co/jCg4Vb5Vni"
,,,"porn star japan fuck anorexic https://t.co/aLIT7ePUsv"
,,,"@POTUS Pakistan and N Korea are China's attack dogs-one to keep India off balance and the other Japan.They do what China would like to deny"
,,,"The concert was called Kyokuto Symphony ~The Five Stars Night~ and tickets were all sold out within two weeks."
,,,"Mega Man is known as Rock Man in Japan, it was changed in America because ‚Äòrock‚Äô is a well-known slang for crack cocaine."
,,,"@majorgauravarya If not cazed now by United world will have to pay heavy price as did happen in case Hitler Italy Japan"
,,,"- US' human rights record can't be questioned bc we fought Japan and Germany in WWII."
,,,"@yumedesuka_ yay!! i'll start looking at good times to buy plane tickets then ^^ v v excited that i'll get to spend‚Ä¶ https://t.co/QcGAfdM6pz"
,,,"@yurikageyama @LakinHutcherson non-Japanese women in Japan also have many of the same experiences"
,,,"Retweeted Nikki Haley (@nikkihaley):

We along w/Japan, France, the UK and S.Korea have called for an emergency... https://t.co/AZ8rUfawNG"
,,,"‚ûùPIERROT'S -Memory's Of Future(iTunes)- https://t.co/WS15dGawHY #music #musik #japan #INFORMATION"
,,,"college boy and girl having sex porngirl japan https://t.co/u5AiUZKCat"
,,,"sexy japan teens naked skinny girls with huge boobs having sex https://t.co/aNsjN7iRv4"
,,,"I'm having an interview, my sister is moving to Japan, HER is released, and those are happening on Sept 18 altogether üò≠"
,,,"A golden mantis is found in Japan. #„Ç´„Éû„Ç≠„É™
https://t.co/K1c0wtne2B"
,,,"Apple ARKit app lets you record Mannequin Challenge style videos with virtual objects https://t.co/RyUqMtvRqF"
,,,"Socceroos win well ‚úîÔ∏è Japan do us favour in Saudi Arabia ‚úîÔ∏è Russia 2018 ‚úîÔ∏è

If not: could be a 50,000km punishment‚Ä¶ https://t.co/7aPIcqdb2M"
,,,"free double anal penetration japan sexy women https://t.co/2GXzCo36nU"
,,,"sexy bald girl sexy girls japan free https://t.co/FNxWrMBrXh"
,,,"I liked a @YouTube video https://t.co/zNnGCI7jOM 17 Crazy Things That Are Only Possible in Japan"
,,,"@cholula2017 @Scavino45 @SebGorka Some limited effect. Have to use nukes. Then what? Fallout goes to China, back to‚Ä¶ https://t.co/2tZYMYzcCU"
,,,"Japanese princess engaged to college love; wedding next year https://t.co/39k7gCWK8r"
,,,"@KH13com Hey!  They were brought over for Japan for a friend of mines wedding.  https://t.co/Gu45M7Ec7Y  so its the same ones from Japan"
,,,"free ebony porn movies online japan sexual assault train https://t.co/isiAw3FKXf"
,,,"‚ûõMASAKI YODA  -don't stop it(1/3Quality)- https://t.co/PPTiYZVRgO #music #musik #japan #INFORMATION"
,,,"april hunter nude galleries japan girls porn videos https://t.co/87XjesZHrL"
,,,"‚ûüMASAKI YODA 2016/11 -don't stop it(sample)(1920kHz/24bit Quality)- https://t.co/vzRlZdhh9r #music #musik #japan #INFORMATION"
,,,"japan teen fucking foot girl fucked https://t.co/DZGDSAlFzk"
,,,"analog girl in a digital world virgin japan girl sex https://t.co/pFL94jJtcY"
,,,"Apple ARKit app lets you record Mannequin Challenge style videos with virtual‚Ä¶ https://t.co/ZH85k1eLB2 #Iphone‚Ä¶ https://t.co/r9j1piXvOn"
,,,"@CEOJebailey @egoraptor Where in Japan did you find them?"
,,,"Bet365 Casino in play diary
 #betathome #Japan vs Australia
-> https://t.co/iyFMSaoRyo
https://t.co/0V7UCsAAdR"
,,,"Apple ARKit app lets you record Mannequin Challenge style videos with virtual objects https://t.co/hUk87dZ6nw"
,,,"Japan has their own Blips! Awesome! https://t.co/Kv02APev41"
,,,"Looks like Japan, where we don't have Uber.. so understandable..üòÇ"
,,,"Sampai mati tak move on pasal japan memories. Like everything bout it."
,,,"6 rising startups in Japan https://t.co/98HRafD4Wa https://t.co/5eAYLe5QYa"
,,,"japan girls swimsiut nude nude pamela anderson pictures https://t.co/gcBIdnDUDz"
,,,"‚ûùMASAKI YODA 2016/12 -thought(sample)(1/3 Quality)- https://t.co/UiJjgq9sQC #music #musik #japan #INFORMATION"
,,,"This #job might be a great fit for you: HR Business Partner OSS Engineering Japan - https://t.co/N9lopVSXXC #HR #Hiring"
,,,"@kknmaya @JapanGov @JPN_PMO Omg @AtlasAirWW out of Canada stuffs draft horses into crates and flies them to Japan f‚Ä¶ https://t.co/rfsZbjR4U8"
,,,"Retweet  If  we  had  been  favorite  artists
#AKB48 #SKE48 #NMB48 #HKT48 #JKT48 #SNH48 #miwa #SEKAINOOWARI #Sukima Switch #Yuzu"
,,,"‚ô®MASAKI YODA 2016/12 -Right there(sample)(1/3 Quality)- https://t.co/FeTKCgGpup #music #musik #japan #INFORMATION"
,,,"Starry Sky Distance 

https://t.co/SXscSjD5mM https://t.co/JFHfDbAG6p"
,,,"japan girl sex videos avirl lavigne naked https://t.co/HgiQZq4pjX"
,,,"@RahTheRah LOL Japan's Got Talent feat. kamen rider"
,,,"You are in #Hekinan city went missing.  Information you have requested to contact the nearest ... https://t.co/VKtFplw8Fp #aichi #japan"
,,,"We are BugLug living this life
We are born in JAPAN"
,,,"drunk girl video porn japan sex forum https://t.co/pGDW6ZhDiA"
,,,"‚ôêMASAKI YODA 2017/1 -Carrying the future(sample)(1/3 Quality)- https://t.co/8RQMkNT5Uw #music #musik #japan #INFORMATION"
,,,"I Am A Hero Omnibus, Vol 1 by Kengo Hanazawa is about the start of a zombie apocalypse in Japan.‚Ä¶ https://t.co/Mlqx03adBw"
,,,"@JoshNoneYaBiz Yeah,I wouldn't have even DARED to have stayed over my alotted time in Japan!Much LESS having the ga‚Ä¶ https://t.co/zmpRx5dqrk"
,,,"South Korea's President Moon Jae-in, Japan PM Shinzo Abe agree to pursue strong UN sanctions against North Korea https://t.co/hSkQdAokTU"
,,,"‚ûùMASAKI YODA 2017/1 -Calling...(sample)(1/3 Quality)- https://t.co/BvElx6E45W #music #musik #japan #INFORMATION"
,,,"@PRANNOYHSPRI Happy Onam and best of luck for Japan open if you are playing"
,,,"Apple ARKit app lets you record Mannequin Challenge style videos with virtual objects‚Ä¶ https://t.co/RB274FIgYy #tech"
,,,"""The era of BTS, it had already begun."" From 1M preorders, Japan dome concert, & topping Amazon chart, KINGS ARE HE‚Ä¶ https://t.co/E25u7jFoSf"
,,,"Bet365 Bodog manager betting
 #ladbrokes #Saudi Arabia v Japan
-> https://t.co/iyFMSaoRyo
https://t.co/7AZwjRnuuv"
,,,"how do i look japan sex movie thai naked nudis porn picture https://t.co/4FDlohUXEk"
,,,"@MPA_tiddysucker They can't even hit Japan and they're almost right next to it.  I'm expected to believe they'll kill everyone in America?"
,,,"@JustineLavaworm What about Laura Joh Rowland's historical mysteries set in Japan? Lots of court intrigue."
,,,"japan music"
,,,"‚û†MASAKI YODA 2017 -Carrying the future(song)- https://t.co/LJ9m8Mnvfv #music #musik #japan #INFORMATION"
,,,"I am HOME!! San japan was a blast and I love this shirt from @homeftweekend !!!üíñüíñüíñ https://t.co/EfVRxE9akk"
,,,"@panyang Hahahaha yes. Although, his version on the album tour in Japan is different. Tou should watch it."
,,,"Two towns with historic battlefields, #Japan's #Sekigahara & #Belgium's #Waterloo, agreed to work together  https://t.co/f923uzvyqI"
,,,"How Japan Needs to Change to Welcome Immigrants https://t.co/IQQftkPfYt"
,,,"hot jailbait porn japan sex video https://t.co/tCND8s79Hk"
,,,"Click HERE‚û°Ô∏èhttps://t.co/NIriEMKeNc
#Finance #Politics #Business
‚ñ∂Ô∏èThe Latest: S. Korea, Japan to build support for‚Ä¶ https://t.co/nQ6UQCrOGO"
,,,"‚ûüMASAKI YODA 2017/1 ALBUM -Carrying The Future- https://t.co/ZrZzJRA8Js #„Éè„Ç§„É¨„Çæ #music #musik #japan #INFORMATION"
,,,"2017/9/2 Buckwheat flowers
#azumino #nagano #japan #buckwheat https://t.co/OxphlxQD7n https://t.co/TU7ZRgStht"
,,,"on a side note, the fact that sm allowed absence from a japan event is surprising."
,,,"I heard DRPK's Deck was given to them by Japan for the lights that sit around the capital. https://t.co/vF4dUqL4rn"
,,,"‡∏â‡∏±‡∏ô‡∏ä‡∏≠‡∏ö‡∏ß‡∏¥‡∏î‡∏µ‡πÇ‡∏≠ @YouTube https://t.co/DXvkrGDwfX BLACKPINK Japan Concert - As If It's Your Last [A-Nation]"
,,,"‚ûôMASAKI YODA 2017/1 -feel in so good(sample)(1/3 Quality)- https://t.co/boeldkDW6k #music #musik #japan #INFORMATION"
,,,"#fairtrade organic bananas from #Peru sold at #coop mina stores across #Japan next is purchase directly from produc‚Ä¶ https://t.co/bH6o4oBAR9"
,,,"naked teen lesbian pics fuck japan naked naked teenss https://t.co/ur7R6HGZhs"
,,,"Now Playing: Casino Versus Japan - Track 15"
,,,"‚ûùVery very Berry on Google play https://t.co/ksQ6Dp1Zt8 #music #musik #japan #INFORMATION"
,,,"See Hiroshima differently from Japan's new luxury seaplane - South China Morning Post https://t.co/ROmNcaERUk"
,,,"Japan no stop."
,,,"‚à†M06eÔºõSo that is why so many Western historians, mostly American, criticize Japan about the Comfort Woman system.„ÄéAn American Speaks‚Ä¶„Äè  ^"
,,,"@jjkyuu Enjoying your Japan FM fan acc tweets here!‚úãüèºThank youu so muchs! üíõüíõ"
,,,"JAL once again spreading its wings after long rehabilitation - Nikkei Asian Review : https://t.co/ToWpHGqdNR"
,,,"I used to intentionally target September and October when vacationing to Japan. They're my favorite months here."
,,,"@blazbluexe top 3 places to visit are Japan, Switzerland, and Hawaii. Jamaica is a pretty cool place tho."
,,,"Harry Notaras said Australia barley exports to China & Japan continues to increase every year for last 5 years. https://t.co/DRu70dE61m"
,,,"‚ô´-Carrying the future(CD)- https://t.co/xpj9iWaRYI #music #musik #japan #INFORMATION"
,,,"@KDTrey5 hey chose OSU for my exchange program cuz u were in OK but u left b4 I arrived. Steph n Kyrie came to Japan but u ain't. U MVP huh?"
,,,"@GeorgeTakei Sorry George, every 1st world country has immigration laws and that isn't racist. Ask Japan about immigration. #safe"
,,,"ariel rebel pussy spread japan girlfriend search sex https://t.co/lgwer0LzbE"
,,,"From #Japan, Gyze. #MelodicDeathMetal the like of #COB #Archenemy #Carcass 

#heavymetal #japanesemetal #foreign

https://t.co/mFBUjmlnOT"
,,,"Apple ARKit app lets you record Mannequin Challenge style videos with virtual objects https://t.co/OCTwboLIS6"
,,,"‚ûõMASAKI YODA -99th base(e-onkyo music)(High Resolution Audio)- https://t.co/pf4EhL39zr #music #musik #japan #INFORMATION"
,,,"@panyang They have a Japan exclusive version of the album which i really like but not on Spotify though"
,,,"wee teen porn japan sex wrestling https://t.co/8FM52sLF2U"
,,,"Is it possible to change Article 14 of the Constitution of Japan and make Komuro a duke? https://t.co/92qnG8WD1v"
,,,"I wonder what Japan is like"
,,,"‚ûùMASAKI YODA 2017/2 #NEW -Rock on baby(sample)(1/3 Quality)- https://t.co/5ShRVZMlZC  #music #musik #japan #INFORMATION"
,,,"From Mashable: Apple ARKit app lets you record Mannequin Challenge style videos with‚Ä¶ https://t.co/bs3C1QbGCW"
,,,"‚ô´MASAKI YODA Release on Google play music -High- https://t.co/b40jMUQY3S #music #musik #japan #INFORMATION"
,,,"In Japan, for around $275 you can rent someone to stand in as your dad, or your best man who can deliver a speech!‚Ä¶ https://t.co/tiwRIHVfwg"
,,,"Baka and Test Complete Blu-ray Disc Box Set in Japan Features New 'Mini Anime' via AnimeNewsNet https://t.co/F6uL9mHkjY"
,,,"Japan calls for tougher U.N. sanctions
https://t.co/AqGGDKUyKm
#NorthKoreaNuketest #hydrogenbomb"
,,,"@DevilcalledAki Looking down over a little place, Toba, in Japan. Sweet name."
,,,"japan teen sex free movie online abbey sex https://t.co/BTqc59GzgA"
,,,"Teams who have qualified for the 2018 #WorldCup so far

üá∑üá∫Russia
üáßüá∑Brazil
üáÆüá∑Iran
üáØüáµJapan
üá≤üáΩMexico
üáßüá™Belgium‚Ä¶ https://t.co/Xspjyp4D14"
,,,"Adidas NMD R1 PK Primeknit Japan Triple Black Size US9.5 https://t.co/aQW05iTOjG"
,,,"@bk2128 I feel relieved that Japan didnt jump to Vita ver of YNNK2 and pick PS4 instead as expected
For sure i wasn‚Ä¶ https://t.co/cTLH1ASimC"
,,,"japan sex doll toy porn video my son wants to have sex with me https://t.co/Pp4ZLmZJfs"
,,,"üìπ¬†September 01, 2017: Japan nt training. https://t.co/MTO38HfNBI"
,,,"@FoxNews @POTUS I do want half of Americans and 74% of Republican-supporting Ameicans not to make war near my house‚Ä¶ https://t.co/YBuBO7BVHc"
,,,"@AlbertBrooks Everyone has their own traditions. Including NK and Japan. #SundayFunday"
,,,"Answer this? Suppose the US and Japan have the following production https://t.co/POkOJ6lPCL"
,,,"DAY 2 Confession SURVIVOR:Japan https://t.co/F2aZrXMEG2"
,,,"Apple ARKit app lets you record Mannequin Challenge style videos with virtual objects https://t.co/b5xX1qztjM https://t.co/YDOIXzVRsp"
,,,"teen porn sexy japan free urban porn https://t.co/Avcy756RI4"
,,,"Apple ARKit app lets you record Mannequin Challenge style videos with virtual objects https://t.co/ZDNYHMFDbB #tech #mobile"
,,,"North Korea's 6th nuclear test is a grave & imminent threat, Japan Foreign Min. Taro Kono & U.S. Sec. of State Rex‚Ä¶ https://t.co/i5Pcv3YogF"
,,,"The Latest: S. Korea, Japan to build support for sanctions - Washington Post https://t.co/76gnS0j4TN https://t.co/r6NVRiprUV"
,,,"@smvth___ Nah sk doesn't wanna fight Japan for some reason. I mean that's why sk and nk split"
,,,"best black sex scenes sex fuck japan https://t.co/tygFNdKrXC"
,,,"lyrics to music is my hot hot sex fucking girl japan https://t.co/QMedLs0StF"
,,,"sex av japan nude cam to cam chat https://t.co/gEhC1h9Yup"
,,,"They're pretty ceramic tableware from Japan and relatively cheap though so no ragrets"
,,,"Energetic japan edition hoel üëÄ"
,,,"Some analyst has just said buy safe haven currencies including Yen. Yep, I'd feel safe in Japan at the moment #FX #forex #muppet"
,,,"Can't believe bangtan recorded a video for japan tv with those bucket hats whaahha wth im nervous for this comeback hair"
,,,"@emilytweedyx @dreamhyukjae So in a place like Japan, which yes, is racist due to island mentality, I wouldn't be d‚Ä¶ https://t.co/9LIOQwMxyK"
,,,"naked woman layouts japan nude sex https://t.co/9ENm03lI8z"
,,,"MR JUICY VOL 2. ELECTRIC BOOGALOO
https://t.co/mWvMa6wIcI
#wrestler #wrestling #mcw #njpw #podcast #PodernFamily‚Ä¶ https://t.co/srzPEqPi4Y"
,,,"Apple ARKit app lets you record Mannequin Challenge style videos with virtual objects https://t.co/E1ZGp3szqi #iphone #japan"
,,,"focked sex japan woman sex https://t.co/OHXmEw5m5J"
,,,"Back in Japan!
.
.
.
#20170902 #day378 #tb #ayearinsweden #iphoneography #üì± #photooftheday‚Ä¶ https://t.co/NSXEwSPe8b"
,,,"sex toy japan beautiful nude japanese girls https://t.co/sjcl34fMCt"
,,,"@firestormxvx I am honestly too broke for that rn lol San Japan killed me"
,,,"Kim Jong-un's Crazy Summer: A Litmus Test for Japan - Institute for Defence Studies and Analyses https://t.co/DbyqScvZdb via @nuzzel"
,,,"japan babe nude black man holloween sex https://t.co/rfuBy2i5Sw"
,,,"The world is baying for a war...North Korea is acting stubborn to piss off the US and Japan freaks out. Iran comes in with its threats."
,,,"@lover___done A giant sponge? Soak up all the debris and squeeze us back to Earth. Thinking about this while now over Japan."
,,,"#coop elderly care services in #japan include-light exercise, games, lectures, pressure check up, etc @ilo_tokyo‚Ä¶ https://t.co/Fhab15uDq0"
,,,"@GlanceHistory Yes. She should go back to Korea if she feels uncomfortable in Japan. Who cares?"
,,,"If you like Fire Emblem just get duel citizenship with Japan already"
,,,"Tohoshinki Japan Single 12CDs Set Bigeast Limited Edition (mint condition items) $55 usd + worldwide shipping avail‚Ä¶ https://t.co/uCqSsZ4jPM"
,,,"san japan was really fun but also potato knishes has been in my head all weekend for no reason"
,,,"Social Media: Apple ARKit app lets you record Mannequin Challenge style videos with virtual objects https://t.co/7pndKaYPp1"
,,,"Go to Japan you worthless braindead dorklord!"
,,,"The 'I can't wait to go to #Japan face!' #„Åü„ÅÆ„Åó„Åø„Åß„Åô https://t.co/PpgGhqe41o"
,,,"2017/8/27 Rice field and mountains
#azumino #nagano #japan https://t.co/uR2o4RfkpF https://t.co/Xjxh2a3UIH"
,,,"im super excited to go back to japan in 2019 with my bro, itll be a completely different experience than going with morgie"
,,,"üì∑ celmmings: Luke - ¬† ¬† ¬† ¬† ¬† ¬† ¬† ¬† ¬† ¬† ¬†5SOS Summer 2017 // Japan https://t.co/XVIdwUrz3G"
,,,"""Plant43 - Edge Of The Wood EP (eudemonia001)"" by plant43 on @SoundCloud https://t.co/cYIsmy0Bpo #electro"
,,,"""Vortex"" by RT759 on @SoundCloud https://t.co/o0n5VJJR3X #electro"
,,,"@hyxnalex Yes ma'am, BUT, when this love triangle happens it'll more than likely be more of a Japan and Korea fight‚Ä¶ https://t.co/GtWe42lHFi"
,,,"""Zentradi"" by RT759 on @SoundCloud https://t.co/qitn07hcvT #electro"
,,,"""Inertia"" by RT759 on @SoundCloud https://t.co/wHEZLX8DWy #electro"
,,,"""What Lies Unseen"" by Urbanjedi on @SoundCloud https://t.co/HWDiqSTl6w #electro"
,,,"""CYBEREIGN - my holly war"" by cybereign on @SoundCloud https://t.co/VHulx5i9g1 #electro"
,,,"""Sematic4 End Of Summer"" by SEMATIC4 on @SoundCloud https://t.co/5wSXINJiLw #electro"
,,,"men and women doing hot naked sex pictures in english movies japan mature porn https://t.co/8B9s1B8800"
,,,"@3rulesfilm @TheLeftIsRacist @SparkleSoup45 @POTUS I don't think we should do anything. Japan, South Korea and China should"
,,,"""Mind Travels"" by Datawave on @SoundCloud https://t.co/MSg7Qu8MeL #electro"
,,,"Horse Racing in Japan: Photo Gallery - JRA Graded Races
https://t.co/7OdmiCkjiY
#horseracing #jra"
,,,"This wknd at our Tournament in Japan it was great to see how the gap between the very best and worst Players and Teams has been closed."
,,,"Bet365 SportsBet revine in romania
 #bet365 #Japan vs Australia score
-> https://t.co/Nf6To1MBNZ
https://t.co/cpuyYEFpm0"
,,,"japan hd xxx youtube thai teen gril hot sex https://t.co/q3kRnhQMy4"
,,,"Possibly the most uncomfortable moment in my life #maidcafe #akihabara #japan @ Maid Cafe MaiDream https://t.co/Bzo0WFbYEF"
,,,"@POTUS @ambchrishill @JeffreyGoldberg @Max_Fisher 8. China, South Korea and Japan all engage in neomercantilist tra‚Ä¶ https://t.co/nROsSFdQVz"
,,,"Want to work at LEGO Group? We're #hiring in #Minatoku! Click for details: https://t.co/5okpIsu2lC #LEGO #Marketing #Job #Jobs"
,,,"@KAMENASHl Hmmm. Weird. Is it a chip card or a swipe card? I know Japan is mostly chip now so the machines might not like a swipe card"
,,,"@realDonaldTrump If you bring down N.Korea what will happens to S.Korea and Japan..Think twice Mr.president"
,,,"@CNN Start intercepting missiles launched over Japan/SK. Give 'em the same mundane excuse - it got in the way of a Disney laser show."
,,,"Gallery - Top 10 Anime Sexy Girls of Japan https://t.co/MmDtZKMbah https://t.co/tOeU5SOlGS"
,,,"2 more episodes for Terrace House Part 1!! Now I wanna visit Japan even more because of the show! üò≠"
,,,"Apple ARKit app lets you record Mannequin Challenge style videos with virtual objects https://t.co/OI03jQa20C https://t.co/Ri1lOFOElA"
,,,"sexy pic women japan virgin https://t.co/uJHllVmAJF"
,,,"#funny This river in Japan - https://t.co/fnuQ1K9PDb https://t.co/uFt2GogMc7"
,,,"Apple ARKit app lets you record Mannequin Challenge style videos with virtual objects https://t.co/koarfeNzqm #tech #ARkit #videomarketing"
,,,"Bought some room fragrance shit at japan home. I've been meaning to try reed diffusers so i got a cheapo one https://t.co/1y8FjenCcg"
,,,"New Listing Check out! QUEEN JAPAN MUSIC LIFE MAGAZINE SPECIAL ISSUE 1975 w/Flexi Freddie Mercury  https://t.co/dvoLIx20dg via @eBay"
,,,"Saya Funaki Chubby Japan Mom Wants Younger Cock https://t.co/FTHdp2E4X0"
,,,"Apple ARKit app lets you record Mannequin Challenge style videos with virtual objects https://t.co/99pVdNWkTi"
,,,"Stantler is found on Route 36, which leads to Violet City, the game counterpart of Nara, Japan, a city where many tame deer roam freely."
,,,"girls eating poop videos japan adult tube https://t.co/8xrwzfQhrN"
,,,"nude girls japan the show porn https://t.co/dR8l5vco3u"
,,,"When the Japan dialogue concludes, nsitharaman Sitharaman takes charge of the DefenceHQ arunjaitley
https://t.co/sf3WQvXvmW"
,,,"@carlilloos If it makes you feel better I visited Japan recently and I kept having to repeat the fact that my nihongo was very small"
,,,"South Korea‚Äôs President Moon Jae-in, Japan PM Shinzo Abe agree to pursue strong UN sanctions against North Kore... https://t.co/wsAXtWhMXY"
,,,"„Äê#USGS #Breaking„Äë#earthquake„ÄÄM 2.6 - 63km W of Willow, Alaska https://t.co/evf09ZAQ5t #alert #tsunami #prayfromjapan"
,,,"@ElliotRapp @Adamtheactivist @JoeNBC We have left forces in place after wars all over the world. Germany, S.Korea,‚Ä¶ https://t.co/yk3zw13T2g"
,,,"This Apple ARKit app will give you the power to become Neo in ‚ÄòThe Matrix‚Äô anywhere you go https://t.co/2LY2Y1AFnX"
,,,"@smvth___ Japan hates the u.s and sk hates japan...this is gonna be messy sis I"
,,,"#Mashable Apple ARKit app lets you record Mannequin Challenge style videos with virtual objects https://t.co/4MVWwwpm2m"
,,,"The country of Japan sponsors the DAILY hunting of Bottle Nose Dolphins & butchering & slaughter of their cousin whales!"
,,,"BTS_Trans: [ENG] 170902 2017 BTS LIVE TRILOGY EPISODE ‚Ö¢ THE WINGS TOUR IN JAPAN ~SPECIAL EDITION~ Confirmation Ann‚Ä¶ https://t.co/q8TykzrlyK"
,,,"Apple ARKit app lets you record Mannequin Challenge style videos with virtual objects https://t.co/ZEhntRVMM0"
,,,"Apple ARKit app lets you record Mannequin Challenge style videos with virtual objects https://t.co/jZdGRSg3rJ"
,,,"Bootylicious Babe Bending And Binded! -DDOS-035 - Part 3 (High... https://t.co/zcH3TqXNql #BONDAGE via @clips4sale https://t.co/CBikwTdwDt"
,,,"Japan‚Äôs Princess Mako formally announces engagement - Tokyo, Sep 3 (IANS) Princess Mako, the eldest grandchild ... https://t.co/UA22ugH1jq"
,,,"firstly ill watch history of japan and try to comprehend it"
,,,"Belgium and Brazil have qualified for the 2018 #WorldCup: 6 down, 26 to go: 

üá∑üá∫Russia
üáßüá∑Brazil
üáÆüá∑Iran
üáØüáµJapan
üá≤üáΩMe‚Ä¶ https://t.co/ybOJ8zoQ5M"
,,,"The Tit Specialist, At Your Service! Part 1 -... https://t.co/NPXyJvVInm #TITSUCKING/NIPPLEFETISH via @clips4sale https://t.co/izmZvATs0R"
,,,"Just a head's up, in case you're not paying attention:  https://t.co/RGmdle6vn2"
,,,"Goddess Worshiped and Sensually Conquered! - Part 4 (High... https://t.co/bFMkdv5VcA #ASSFETISH via @clips4sale https://t.co/O2qzdEczQb"
,,,"I'm in Japan! Just the airport this time, but still."
,,,"Japan Channels Rp 1.2 Trillion for Bali Beach Conservation - https://t.co/MrrfI5OQxc https://t.co/AjCXUlxaJ2 #karangasem #bali"
,,,"Principal Abuses Student With Rope! -DDSP-001- Full version... https://t.co/YCasqV7TBk #BONDAGE via @clips4sale https://t.co/9rgT0ecn4P"
,,,"What a shame that headlines like this are a common sight. Not a problem unique to Japan, but still to be expected h‚Ä¶ https://t.co/IpHrn4zuNd"
,,,"Please show your support and fund my trip to Japan lol. Click to Donate:  https://t.co/KfxDgFa3zi via @gofundme"
,,,"Lady Guards Gangbang a Prisoner with Cock Torture! -... https://t.co/Y5OfPqwOxJ #FOOTDOMINATION via @clips4sale https://t.co/EOvTixxJzC"
,,,"Current time in Japan September 04, 2017 at 01:45PM"
,,,"Citizens of Canada & Japan can enjoy a #workingholiday #visa in #Norway  https://t.co/dYOr9y7zah P:natgeo https://t.co/i5TtiL93QX"
,,,"X JAPAN / BLUE BLOOD https://t.co/UNT5tBuIKF"
,,,"@andybuck911 @KeithNolan59 @ShawClassic You're too kind. Calgary is awesome to @ChampionsTour   On our way to Japan"
,,,"@LiveEUDebate Maybe S. Korea and or Japan need to test their own weapons."
,,,"[Selling] 80+ level - Japan account https://t.co/CHc5JIqgGl"
,,,"I'm at Nagoya,Japan!
I had kishimen!
It's a kind of noodle in Japanüçú https://t.co/OCQrvqg0JJ"
,,,"extreme japan porn tiny tit porn videos https://t.co/OiMKQOZ9S0"
,,,"I swear I be forgetting I'm in Japan sometimes"
,,,"""if it makes you feel any better, i'll let you see pictures of me back in japan.""

he offered, continuing to flip t‚Ä¶ https://t.co/hIkZSbXjGr"
,,,"@hyxnalex If Japan does double agent, they will still get fucked in the end for what they did to China and Korea lol"
,,,"sex with gang dirty naked girls in japan https://t.co/vcpYlLefmY"
,,,"https://t.co/Wfcxmu7vjR

#npb #SatoruKomiyama [Japan Times]Meanwhile, former Olympic women‚Äôs marathon silver medalist Yuko Arimori and for‚Ä¶"
,,,"https://t.co/EZQzlsdteY

#npb #MasaoKida [Japan Times]‚ÄúHe used to lunge at the ball with the barrel,‚Äù said former major leaguer Masao Kida‚Ä¶"
,,,"https://t.co/9ZEIUr2hGX

#npb #MasaoKida [New York Times]But Japan copes. Three bullpen slots away from Saito, the veteran Masao Kida was ‚Ä¶"
,,,"If you ever go to Japan and you eat ramen, SLURP THE RAMEN.

It might seem rude or gross but it's actually a compliment to the chef."
,,,"when I think about how svt's concert in japan had 60k attendees (lmfao), I'm so grateful I was able to attend their toronto concert--"
,,,"japan sex tube gta vice city nude mod https://t.co/a4tcZnzkUb"
,,,"@ilyas_abukr Bro, if North Korea does any military action towards South Korea or Japan then 100% millions will die‚Ä¶ https://t.co/6jDNRrOgz7"
,,,"New post: ""Apple ARKit app lets you record Mannequin Challenge style videos with virtual objects"" https://t.co/GaQLG3Wlfz"
,,,"fuck doll virgin school japan https://t.co/7rv7n6ac7N"
,,,"Wow Concert in Dome Japan Wow"
,,,"Adidas NMD R1 triple Black Japan pack US8.5 https://t.co/FbJ9j9bdf1"
,,,"I liked a @YouTube video https://t.co/CcdSxxxl0L How Japan Is Preparing For North Korean Threats (HBO)"
,,,"japan nude games xxx arab girls image https://t.co/S7IxiSK9rT"
,,,"Japan's low cost 'kei cars', Daihatsu Tanto, sees a dip in the vehicle market https://t.co/EEZkostjVx https://t.co/OVrUIiU92C"
,,,"MASAKI YODA -The dark room of the times- https://t.co/gk2JnYwvvH #Song #tune #music #listen #Japan #information"
,,,"Mashable ""Apple ARKit app lets you record Mannequin Challenge style videos with virtual objects"" https://t.co/v6nhM1kYNe #News"
,,,"wild japan porn licking mom pussy https://t.co/QpNWEYuzvy"
,,,"To the Japanese citizens! 
Can you expect of the ‚ÄùÊ∞ëÈÄ≤ÂÖö‚Äù?‚Äù
Maehara new organization‚Äù is not gripable by Seiji Maehara‚Ä¶ https://t.co/CNLADltZvI"
,,,"MASAKI YODA -The dark room of the times- https://t.co/1jF53QvgFL #Song #tune #muziek #luisteren #japan #informatie"
,,,"I'm supposed to go to Japan soon I hope it happens üòÖü§ûüèº"
,,,"When the Japan dialogue concludes, @nsitharaman Sitharaman takes charge of the @DefenceHQ @arunjaitley
https://t.co/iAmbQVPzb7"
,,,"Dominique Ansel Bakery Japan now offering Singapore Crab‚Ä¶ as an exquisite dessert! https://t.co/cLNyFUl3j9"
,,,"Bet365 Bwin bonus code new account
 #betvictor #Saudi Arabia v Japan result
-> https://t.co/l2kJym4gsg
https://t.co/kNAfu8AZcp"
,,,"Thank you San Japan for the giant persona menu background üëåüèº#Goroakechi #persona5 #cosplay https://t.co/yo7eIdGetU"
,,,"#WANNAONE's #TOBEONE album (Japan edition) will be released on Sept. 27 https://t.co/tzs2UKI9Ft"
,,,"@Bawoman47 @xexizy11 And communists, while supporting revolution in their texts, participate in elections and win i‚Ä¶ https://t.co/Cfn13RFSj4"
,,,"üî•SMOKEüî• #smoke #japan #shooting #model #session #edition #supreme #streetstyle‚Ä¶ https://t.co/qPg6avgQrN"
,,,"Soooo there was SO much Persona 5 merch at San Japan that I finally got back to playing it any it's like.... so comforting and cozy"
,,,"The Latest: S. Korea, Japan to build support for sanctions - https://t.co/1gVl8DfW3y"
,,,"Japan's Princess Mako is marrying her fiance Kei Komuro, a commoner , will be loosing Royal status."
,,,"@smvth___ Watch Japan do some double agent shit"
,,,"Nations already qualified for 2018 @FIFAWorldCup; Brazil, Iran, Japan, Mexico, Belgium"
,,,"@chrislo3030 @mrchrisconner @jake_p84 @justagirlyall @ZIMA_JAPAN Watermelon FOSHO"
,,,"Japan's low cost 'kei cars', Daihatsu Tanto, sees a dip in the vehicle market https://t.co/YzbdicI9S5 https://t.co/3MWVtXzay0"
,,,"[ENG] 170902 2017 BTS LIVE TRILOGY EPISODE ‚Ö¢ THE WINGS TOUR IN JAPAN ~SPECIAL EDITION~ Confirmation Announcement!
https://t.co/VuLQE4pEww"
,,,"@CoveGuardians @SeaShepherdSSCS @CaptPaulWatson As a supporter I would like to know specifics on why you abandoned the cove & Japan whaling"
,,,"Japanese have the most beautiful culture.  I wanna grab a ticket right now and meditate in a temple in japan. https://t.co/pRYPaCMMjT"
,,,"Whatever people in Japan do, there's only one mode: all in. https://t.co/KUKpnUeIle"
,,,"The Latest: S. Korea, Japan to build support for sanctions https://t.co/teRe73OieU"
,,,"The famous Rakhine historian from Kanda University Japan Dr. Aye Chan yesterday arrived at Sittwe Airport to visit‚Ä¶ https://t.co/bWLqBEzuJa"
,,,"real sex contact japan girl stephanie macmichael in pantyhose https://t.co/YlkvNHk7Wq"
,,,"IDSA NEWS 
Titli Basu‚Äôs Article on Japan‚Äôs Defence Stand Published by @Diplomat_APAC 
https://t.co/IzaXp66PSO"
,,,"Moon, Abe agree to pursue strong U.N. sanctions against North Korea: Blue House https://t.co/loUGVmZi4U https://t.co/aHVyUiodYC Reuters"
,,,"legend says that if you go to Japan, there will be no subtitles"
,,,"naked xxx japan porn sex phone 2 nude girls having sex https://t.co/0sFtadAIvk"
,,,"'South Korea & Japan to increase US missle defense systems'.
Now it all comes clear.
$$$$$$$$$$$$$$$$$$$$$$$"
,,,"nepalgirlfuck japan porn streaming https://t.co/XHIoHEZYkr"
,,,"Top 5 things to do in Osaka, Japan https://t.co/d8YAfdoOac https://t.co/70PIvGFEkD"
,,,"T'way Air opens 2nd route from Jeju Island to Japan https://t.co/bbLOm3fiSM"
,,,"Japan MUST stop whaling & dolphin hunting. Japan MUST increase Australian pork imports. We at #Tweet4Taiji will not stop until this happens."
,,,"#Japan #Japantravel #travel Old, faded and shuttered Tokyo https://t.co/d0msSCXxIl https://t.co/PZoeSCsmQb"
,,,"@favtshirt @mrchrisconner @jake_p84 @justagirlyall @ZIMA_JAPAN Lolololol put a jolly rancher in it!!"
,,,"Street Dancing #art #tokyo #japan #photo #ourstreets #samba #streetperformer #availablelight‚Ä¶ https://t.co/EtNkS5siyM"
,,,"#Japan #Japantravel #travel My Life Japan https://t.co/l6H6vXQP3n https://t.co/cizaU59BkK"
,,,"[ENG] 170902 2017 BTS LIVE TRILOGY EPISODE ‚Ö¢ THE WINGS TOUR IN JAPAN ~SPECIAL EDITION~ Confirmation Announcement!
https://t.co/mkrAtFmQ8w"
,,,"#Japan #Japantravel #travel Chicken Soba https://t.co/mAZRnb3Zto https://t.co/WCXTuEA2Kr"
,,,"@ai6gs @K7TABravo @nj4y_radio Norway Japan Siete Harambe Stroke Retired, I don't see a problem"
,,,"@glenn_hughes then I definitely have to go to Japan next yearüíú"
,,,"I suggest everyone visit ""Adventure World Dolphin Show"" if you visit Japan! It's great! I LOVE IT! #Tweet4Taiji https://t.co/55Tr2P32H0"
,,,"Line CEO Takeshi Idezawa hears voices guiding smartphones evolution | The Japan Times https://t.co/wMPckxzm7Y"
,,,"#Japan #Japantravel #travel The silence of an abandoned Japanese village https://t.co/VuKgM1NGhE https://t.co/xAwOAUtftP"
,,,"#Japan #Japantravel #travel Japan News This Week 8 May 2016 https://t.co/Pj9Y5F49gu https://t.co/gnQWPNch1z"
,,,"@dinahjane97 seriously what are yall eating in japan that makes you glow this good? I live for these!! https://t.co/aFcJr3GFhs"
,,,"@MailOnline #SimonCowell @PaulMcCartney why does no one care https://t.co/wkuaqG72JX #Taijidolphins #Japan #Taiji #BoycottJapan"
,,,"#Japan #Japantravel #travel A Walk Around Shodoshima Day 4 https://t.co/xaovhheEdP https://t.co/YBD5kYEJ0R"
,,,"‚ô¶ notice from Ogaki police ‚óÜ occurred: 9/3/2017 4:30 PM days Location: Ogaki-City Forest City area ... https://t.co/OLu8WWEM7w #gifu #japan"
,,,"Excited to compete again later this month! Helping Vince get ready for Shogun at UFC Fight Night in Japan will go... https://t.co/tPHFSoiThV"
,,,"Department: police Ogaki station Occurrence date and time: when 9/3/2017 4:30 PM Location: ... https://t.co/VsOSzSGVfp #gifu #japan"
,,,"#WorldCup line-up, so far üôå

üá∑üá∫Russia
üáßüá∑Brazil
üáÆüá∑Iran
üáØüáµJapan
üá≤üáΩMexico
üáßüá™Belgium

6 down, 26 to go! üëåüèÜ"
,,,"BEER ICE CREAM! WTF Japan (who am I kidding; all the best stuff is made in Japan.)"
,,,"@mrchrisconner @chrislo3030 @jake_p84 @justagirlyall As we enjoy our @ZIMA_JAPAN https://t.co/jzfSd69KOv"
,,,"@MisLexi1 @UTHornsRawk Isn't it a ""threat"" when they are sailing missiles across Japan?  They are just testing how‚Ä¶ https://t.co/Q1BCHFXccp"
,,,"Great. https://t.co/jNjv6rg9bv"
,,,"japan girl long hair milley cyrus sex https://t.co/yd78MJoh5o"
,,,".@arunjaitley to attend security dialogue with #Japan.
#dailyaddaa"
,,,"UNLOCKED Apple iPhone 5c - 16GB - with Original Box/Cable/Headset - White https://t.co/mM8urHowf8"
,,,"Apple ARKit app lets you record Mannequin Challenge style videos with virtual objects https://t.co/c5IOBKQ4LQ"
,,,"Photo of the Week: Rainy evening in Shinjuku 

#tokyo #japan #photograhy #shinjuku 

https://t.co/Kk8JNhBkxl https://t.co/qFn3wYjLSp"
,,,"@Lady_Keyga Ahhhhhhhhhhhh i feel that but pls come back safe from your trip to Japan, I love you very very much and‚Ä¶ https://t.co/yWH5qhfWCH"
,,,"Keeping the @LCFC spirit alive in Japan! #Okazaki @okazakiofficial #lcfc üáØüáµü¶ä https://t.co/54UST32ZEk"
,,,"@beastlywretch @latenightdaryun @wormcollege I personally love it, but nobody here in Japan has heard of it, so don‚Ä¶ https://t.co/tozVCOMa9m"
,,,"Well, that's one way of doing it. #Japan #travel #tokyo https://t.co/D4i09G22GK"
,,,"BBC News - Japan's Princess Mako announces engagement to commoner https://t.co/A2De8045Yw"
,,,"japan sex nude video images nude playboys https://t.co/AUmMvnGi3w"
,,,"#SouthKorea‚Äôs President Moon Jae-in, Japan PM #ShinzoAbe agree to pursue strong UN sanctions against #NorthKorea‚Ä¶ https://t.co/gm9wftRmTD"
,,,"#Japan's imperial family enters the modern age - again. https://t.co/TFCZIt8Glp"
,,,"i wanna go to japan :/"
,,,"This week we're all about Teaching in Japan
Get your foot in the door w/ these tips

https://t.co/k9GO8ZGNIA‚Ä¶ https://t.co/wVoNYk38gI"
,,,"Japan creative staff"
,,,"https://t.co/miAO170Tq4 #U.N. chief condemns #N.Korea #nuclear test, says it is 'profoundly destabilizing' #Japan #Saudi #new"
,,,"@aliveinthewired yeah and apparently it's region locked to Japan anyway"
,,,"New lithium-ion battery from Japan could double electric vehicle range. [https://t.co/t6XVWqJq90] https://t.co/p8fRl6yvxy"
,,,"@BCalStewardess @PlaneSpotIsCool Nasty! When I joined Cathay Pacific in 1995, we still had a 'smoking section' in t‚Ä¶ https://t.co/pnaWLqsTWM"
,,,"A(Ôø£œâÔø£)Zy~~~7‚òÜMy his sight 1 side watched bad mirage Japan movie another movie with alive mirage movie of Heaven world,only once he called it"
,,,"Miso soup - Âë≥ÂôåÊ±Å

drinking every day many of the Japanese https://t.co/pShamFQWZp #jpn_food #Oisii #japan"
,,,"Happy 10 years San Japan. I've seen you grow since year 1. Keep going for many more years! https://t.co/zDU9Xt59h9"
,,,"Yoshiko, Mari, Dia, Riko, Chika, & Kanan are available, $30 each (includes shipping & fees), will ship when I retur‚Ä¶ https://t.co/9owzt85bSw"
,,,"I will introduce the sunset and delicious food of Japan. https://t.co/SzXeXr70IZ"
,,,"Goo News The Latest: S. Korea, Japan to build support for sanctions - Washington Post‚Ä¶ https://t.co/itaEeCEVGk"
,,,"@New_Harmonies Maybe they're designing the stage for tour and they're using high end technologies from Japan lmao j‚Ä¶ https://t.co/yawo3uz9xg"
,,,"See Hiroshima differently from Japan's new luxury seaplane https://t.co/tYor3FOrx7"
,,,"free teen sex parties in ireland xxx japan girl video free https://t.co/xBC06tlfU3"
,,,"Princess Mako of Japan will leave royal family to marry commoner @nsitharaman @smritiirani https://t.co/Vfvj50K1vS"
,,,"@_Ren97 hell one of my good friends from Japan i met in fuzzy's chat. I respect the man as a player. but his obviou‚Ä¶ https://t.co/XBPQ7QUfhx"
,,,"Oh man they had this SUPER cool t-shirt from San Japan last year when it was 009 cyborg themed. I shoulda got it."
,,,"porn stars in japan https://t.co/mI5ANY519N"
,,,"JAPAN editionÔºüÔºü"
,,,"Bijogazosouko You'll like these lovely girls!
https://t.co/FM79oOuvKH

#girls #WeronikaMamot #Jj #Japan https://t.co/yVihKnqW7d"
,,,"old lady naked japan ten sex https://t.co/Bv9V9hG5Ol"
,,,"Sheer horror, no stopping the baby slaughter in #Japan @cnni @bbc @olympics @Tokyo2020 https://t.co/hgMncFQBXv"
,,,"@stopadani In keeping with the political will demonstrated by the USA, Norway, Japan, China, and Australia, India i‚Ä¶ https://t.co/5QkjkCgMN4"
,,,"@Sprin_Dragon I miss my first shoguness, she passed away years ago in her 90's.  üò≠ Her daughter is now shoguness an‚Ä¶ https://t.co/9UfRZL88Ko"
,,,"The 268th essay has posted on Joy o‚Äô Kanji!
https://t.co/bUVs7WEupl
#japan #kanji #japanese #essays #Êó•Êú¨Ë™û #Èõ∞Âõ≤Ê∞ó‚Ä¶ https://t.co/XwngRNy1Gs"
,,,"ELDORADO ZIPANGU #WWCode against Japan NUKE Eavesdropping DEBAGAME #GoldenLily #Mises https://t.co/oxbyGyLHzf"
,,,"@graceless_me You're in Japan? So jealous!"
,,,"@AmbJohnBolton NK is dangerous and has threatened USA Japan and many other respectable nations and over 750 million‚Ä¶ https://t.co/3IpKh5Cnal"
,,,"#WorldCup line-up, so far üôå

üá∑üá∫Russia
üáßüá∑Brazil
üáÆüá∑Iran
üáØüáµJapan
üá≤üáΩMexico
üáßüá™Belgium

6 down, 26 to go! üëåüèÜ https://t.co/FSW8qGeE2n"
,,,"It's amazing! This epic gig is coming to Japan very soon! The day is 20th Sep., Can't wait for the dayüôåüèº #DuranDuran https://t.co/LPZ6zKMO6L"
,,,"If you think Japan is all futuristic and shit, just know that if you want internet at your house you need to be able to send/receive a fax."
,,,"@supremeber90 Phone won't let me link you directly but it's the most recent thing in the all japan folder https://t.co/pFafufNyg3"
,,,"First Live In Japan"
,,,"US, Japan discuss North Korea options including US nuclear capabilities: AFP quotes White House"
,,,"Japan, we checked the law books. We know what you did. Allow animan/human marriages. #OpKillingBay #Tweet4Taiji https://t.co/BcIANHKWAP"
,,,"japan train sex maria having sex https://t.co/cKy23fOw9Z"
,,,"Reuters: Moon, Abe agree to pursue strong U.N. sanctions against North Korea: Blue House https://t.co/cVh1kURoZa ‚Ä¶ https://t.co/gb2thQJa7T"
,,,"@Trinity_Bree i see this all the time w jotaro and croc too like godDAMMIT japan i see yall wearing socks w sandals‚Ä¶ https://t.co/AC2uXaMyeF"
,,,"y'all need to stfu cause I'm low key trying to go to motherfucking JAPAN man ü§î but also like pls help :/ lmao fucc https://t.co/qXOzEkVodo"
,,,"Great. https://t.co/BnV4pEq2EV"
,,,"I mean really the reaction to anything Sane did was more to play along with the hype of Sane's work in Japan. #MaeYoungClassic"
,,,"BBC News - Japan's Princess Mako announces engagement to commoner https://t.co/8Uxarb6esI"
,,,"I liked a @YouTube video https://t.co/pKcBWFjgeH How is Nintendo Switch Doing in Japan? (6 Months Later)"
,,,"porn free japan adult industry advertising https://t.co/V2ld86sXk2"
,,,"The Greatest Generation. Victory Over Japan Anniversary. Thanks, Dad, all WWII Veterans. üá∫üá∏üéñ #PacificTheatre #WWII‚Ä¶ https://t.co/wtjU9hIhtl"
,,,"X JAPAN / BALLAD COLLECTION https://t.co/0sLzftC5hE"
,,,"Reuters: Moon, Abe agree to pursue strong U.N. sanctions against North Korea: Blue House https://t.co/X6W4icKgfC https://t.co/fEgKBeLniT"
,,,"#forex #trading #news Japan PM Abe: Aim to increase missile defence capabilities ‚Äì RTRS https://t.co/Ld0mSLN66O"
,,,"wrong question, kim jon un ought to be asking how many los angeles class submarines are patrolling in the sea of ja‚Ä¶ https://t.co/Zt2qWfQnA1"
,,,"nude secratary japan sex on the bust https://t.co/XKT0LnmvwM"
,,,"@ChartsBrunoM Japan loves bruno. Japan knows what talent is and what creativity is."
,,,"@ezequiel_96f @MarcusBrutus_ America has one of the most generous immigration system in the world. Try immigrating‚Ä¶ https://t.co/IeIGq3zGl1"
,,,"Japan launches satellite for advanced GPS operation https://t.co/85U3es8vLc"
,,,"Though I really think they held a contest for the most annoying voice in Japan and the winner of that voices Kensuke. I can't stand it üò©"
,,,"Miso soup - Âë≥ÂôåÊ±Å

drinking every day many of the Japanese https://t.co/pCZ1ki8psk #jpn_food #Oisii #japan"
,,,"Horror in #Japan, their brutal horrific annual cull has begun @cnni @bbc @olympics @Tokyo2020 https://t.co/aMXHj6oNCs"
,,,"A(Ôø£œâÔø£)Zy~~~7‚òÜAnd the Jap Azuma looks changed like the bad mirage used Japan park works movies pieces gathering,no human looks the thought"
,,,"why is moving so much work! i just wanna go back to japan! ;-;"
,,,"(North Korea)
... specifically with Japan, South Korea, and India - note that these are alternatives that are ready to fill the gap..."
,,,"San japan lacked more merch of my son, but i forgive em....this year >:)"
,,,"@annyknowss Escuxha todo este disco Now Breathe - We're from Japan!"
,,,"@hayektriangle Just look at Japan... it's difficult to keep the economy revvin"
,,,"Okinawa has different culture compare to Japan
so you can learn what Okinawa culture is at Ryukyu mura

https://t.co/7Uc1oUngrh"
,,,"@ikanbillys Also Japan-exclusive Starbucks tumblers...."
,,,"As crime dries up, Japan‚Äôs police hunt for things to do. @TheEconomist"
,,,"Qistina is my friend. She's studying in Japan, buat part time during her sem break. Your statement is invalid mayn‚Ä¶ https://t.co/cF5RnCTKf5"
,,,"japan teensex hd indian girl crying during sex videos https://t.co/AA9VqYj3NR"
,,,"Arun Jaitley visiting Japan as Defence Minister, Nirmala Sitharaman to take charge later https://t.co/HxnRY0ip3I via @IndianExpress"
,,,"@JacobAWohl @vannsmole Not much Japan can do.
Political lies falsehoods words..."
,,,"‚ûîPIERROT'S -Memory's Of Future(iTunes)- https://t.co/2u63K2O40f #Èü≥Ê®Ç #Japan #information"
,,,"#Jewelry #Fashion Buy Now: $39.89 SEIWA Eye-let punch # 80 24mm Making Hole Leather ... https://t.co/uy2RZXwykY https://t.co/zoKHqKMO8E"
,,,"tube japan sex half nude girls dancing https://t.co/CCaGOE8cwa"
,,,"Apple ARKit app lets you record Mannequin Challenge style videos with virtual objects https://t.co/rVy4NcnIM2"
,,,"16 minutes over Japan - What Motivations Lie Behind North Korea‚Äôs Nuclear Arsenal? https://t.co/TTXVNOPDAd"
,,,"Apple ARKit app lets you record Mannequin Challenge style videos with virtual objects https://t.co/qULmm3ZYd6 #tech"
,,,"So tonight my roomies & I feasted big time tonight and tomorrow, it's hard core diet and workout time. I am not going to Japan lookin hulky"
,,,"nude school japan girl 3gp  https://t.co/lyHOHR9HVj"
,,,"Japan!! üíú
~ NTD Television https://t.co/oeZNIw2h7b"
,,,"‚ûúMASAKI YODA -ÂÆáÂÆôËàπ(Space Ship)(High Resolution)- https://t.co/4di104tH0V #Èü≥Ê®Ç #Japan #information"
,,,"YES! I had that when I was in Japan hahaha https://t.co/yrcpNI8Tiy"
,,,"@Cameron_Vinson @MikeFitzAU @TheCalebBond Not the USA, not South Korea, not Japan, not even North Korea. 

jeeeesus‚Ä¶ https://t.co/gPq6TDFYmK"
,,,"‚ûùMASAKI YODA  -don't stop it(1/3Quality)- https://t.co/q6ZrqOUAlI #Èü≥Ê®Ç #Japan #information"
,,,"‚ôêMASAKI YODA -Right now Heart(High Resolution)- https://t.co/g6y8svR8TV #Èü≥Ê®Ç #Japan #information"
,,,"This is the most fucking ""SHE IS FROM JAPAN"" scene ever."
,,,"(North Korea)
... months, Trump has advanced relationships with South Korea, Japan, India, and also others such as Vietnam and Australia..."
,,,"I liked a @YouTube video https://t.co/UlHERHl3as 17 Crazy Things That Are Only Possible in Japan"
,,,"‚ûõMASAKI YODA 2016/11 -don't stop it(sample)(1920kHz/24bit Quality)- https://t.co/1eSX4h0mYQ #Èü≥Ê®Ç #Japan #information"
,,,"‚ûöVery very Berry 2016 Single -Night Cruising(High Resolution)- https://t.co/MMZzgMIC64 #Èü≥Ê®Ç #Japan #information"
,,,"hot psp porn sapphic japan teen https://t.co/Znu0VqrlUY"
,,,"‚ôêMASAKI YODA -Shake Heart(High Resolution)- https://t.co/iJS9xkLwpq #Èü≥Ê®Ç #Japan #information"
,,,"@Jinscollarbone @Koreaboo oh they were in japan at the time of the vid"
,,,"https://t.co/A6pCYIYOfx
„ÄêSelenaGomez„ÄëLive MC series JAPAN TOUR2016
#Selena Gomez¬†
#„Çª„É¨„Éº„Éä„Ç¥„É°„Çπ LIVE
#selena #SelenaGomez
#r #EDM #Youtuber"
,,,"friends group sex japan sex tubes https://t.co/nTAqtEzVPD"
,,,"Apple ARKit app lets you record Mannequin Challenge style videos with virtual objects https://t.co/DMM5LLkSIo"
,,,"Japan hosts penis festivals and vagina festivals every spring."
,,,"making porn films sex video japan https://t.co/wwJjec4KcX"
,,,"hot japan girl fuck have sex everyday for a week https://t.co/zkj7svrtm8"
,,,"@Takahata101 Randy in New Japan would be awesome"
,,,"Its all from japan and i have no forwarding address f"
,,,"Gonna binge this pwg til there new Japan drops these shows"
,,,"‚ûúPIERROT'S -Memory's Of Future(iTunes)- https://t.co/KBZHEK8ibo #Èü≥Ê®Ç #Japan #information"
,,,"Japan but they've sold out of all shinee stuff or if they do have shinee stuff it's 98% taemin and theyve sold out of kibum"
,,,"‚ûîMASAKI YODA 2016/12 -Right there(sample)(1/3 Quality)- https://t.co/5I3fvPUqUL #Èü≥Ê®Ç #Japan #information"
,,,"How Japan Needs to Change to Welcome Immigrants https://t.co/676whBshMZ"
,,,"he's cuter (and looks younger) than she does https://t.co/14bM7bf4uA"
,,,"https://t.co/8XZ2VSPRwN <-Japan with big tits #naked #nude #teen"
,,,"‚ûîMASAKI YODA 2017/1 -Calling...(sample)(1/3 Quality)- https://t.co/ikXZL43WLJ #Èü≥Ê®Ç #Japan #information"
,,,"Demand an End to Nursery Pod Dolphin and Whale Drives in Taiji and the Rest of Japan https://t.co/GlurFn3WBc"
,,,"For my memory of Oirase, Aomori, Japan https://t.co/s7vd2xKNfd"
,,,"‚ûöMASAKI YODA  -don't stop it(1/3Quality)- https://t.co/rGDiEYbnJQ #Èü≥Ê®Ç #Japan #information"
,,,"Highlight of San Japan was when me and @StarBracerr met Rays sister :"") She was so kind and sweet to us; i hope to see her again"
,,,"@PaulMcCartney @MailOnline THIS SHOULDNT BE HAPPENING THIS IS THE REAL JAPAN https://t.co/HTtOMNgm3i #Tweet4Taiji #Japan #Taijidolphins"
,,,"Happiness in a bowl. Make sure to add the extra happiness too (aka the sauce) #cococurry #japan https://t.co/CQCY7lrVIR"
,,,"See our new, low-priced Japan dedicated server packages at: https://t.co/iKgDDiVWsN!"
,,,"https://t.co/tvORFhCH1U <-Japan big boobs tits busty asian part2 #porn #xxx  #tits #boob"
,,,"@1NewsPaper2Many @FoxNews @KellyannePolls @POTUS Shortly followed by a massive NK strike on Seoul and US bases in K‚Ä¶ https://t.co/HXVNdTwkxB"
,,,"‚ôêMASAKI YODA 2016/11 -don't stop it(sample)(1920kHz/24bit Quality)- https://t.co/9BBmnLKzJy #Èü≥Ê®Ç #Japan #information"
,,,"i had fun at san japan but i'm so glad i'm not downtown anymore. downtown is so exhausting"
,,,"Japan croquettes are delicious in prepared foods.

https://t.co/w64VWOVlXF"
,,,"How Japan Needs to Change to Welcome Immigrants
#Bloomberg  https://t.co/Xyb5jfsERa"
,,,"The foolishness of #China while provoking US- #Japan thru #NorthKoreaNuketest may provide India an unique oppnty to re-dokalam at #Ladakh"
,,,"brazilian nudists japan sexi https://t.co/xOahhmA7nU"
,,,"japan nude fuck hot nude girls on cars https://t.co/19zuZJx01p"
,,,"@joe_touchette @WSJ remember what US calls civil deaths . collateral damage. ..... south korea and japan will be th‚Ä¶ https://t.co/KmumZJSrgX"
,,,"@mgwynnjones @michaelcoren Well, I guess it hinges on the magnitude of the threat. Firing a missile over Japan, det‚Ä¶ https://t.co/hFjT8wIPCm"
,,,"Apparently when I get into one group it's time to get lost in japan (forever)"
,,,"‚ûüMASAKI YODA 2017/1 ALBUM -Carrying The Future- https://t.co/TDlfkKGboy #„Éè„Ç§„É¨„Çæ #Èü≥Ê®Ç #Japan #information"
,,,"""Apple ARKit app lets you record Mannequin Challenge style videos with virtual objects"" https://t.co/0opGHldOfE"
,,,"hot girl fucks step father long hair japan teen sex https://t.co/2pJH2tt8O9"
,,,"@SuePrager @JulianAssange As I already said, you are presuming ""empire"" is a dirty evil word or something when it's‚Ä¶ https://t.co/WgDTviW5Y8"
,,,"A(Ôø£œâÔø£)Zy~~~7‚òÜIt's Satan best God and prophet Japan,the world all mistook foolish imagination of mad,the gathering visual is Jap Azuma not be"
,,,"‚ô©MASAKI YODA 2017/1 -feel in so good(sample)(1/3 Quality)- https://t.co/jL9BjneZjU #Èü≥Ê®Ç #Japan #information"
,,,"Everyday I thank enstars ads in Japan for being amazing https://t.co/UpUBoChVwa"
,,,"This Apple ARKit app will give you the power to become Neo in ‚ÄòThe Matrix‚Äô anywhere you go https://t.co/F3mBfZnMkp"
,,,"‚ô™MASAKI YODA 2016/12 -thought(sample)(1/3 Quality)- https://t.co/2hGdsDZbtW #Èü≥Ê®Ç #Japan #information"
,,,"mom fuck son japan pregant nudes https://t.co/HyhtlZKitN"
,,,"Photo of the Week: Rainbow over Arashiyama

#kyoto #japan #arashiyama 

https://t.co/e970BjBbMv https://t.co/ASeh3UhFRt"
,,,"‚û†MASAKI YODA 2016/12 -Right there(sample)(1/3 Quality)- https://t.co/y7QLgTnP76 #Èü≥Ê®Ç #Japan #information"
,,,"Bet365 William Hill bonus rules explained
 #bet365 #Saudi Arabia v Japan live streaming
-> https://t.co/qIQiP58NDl
https://t.co/Ge4ZFeJ2qg"
,,,"Babys 4 what th-- the comeback in korea and japan makestar and this"
,,,"‚ô®Very very Berry on Google play https://t.co/iuaxH0QZDv #Èü≥Ê®Ç #Japan #information"
,,,"God bless youuuuu @ONEOKROCK_japan  #happybirthdayryota #happybirthdayryota #happybirthdayryota #happybirthdayryota‚Ä¶ https://t.co/3s0qcBbjUe"
,,,"@tokko_japan Yes!! I will take you to all the food places"
,,,"Foreign Ministers of Japan and the USA consider it necessary to strengthen pressure... https://t.co/G5Snvk6fiC https://t.co/c55OR8IGsj"
,,,"‚ûöMASAKI YODA 2017/1 -Carrying the future(sample)(1/3 Quality)- https://t.co/PYHUp4VjPg #Èü≥Ê®Ç #Japan #information"
,,,"Japan‚Äôs princess dumps royalty to marry¬†commoner https://t.co/65rUz0lfpf https://t.co/gm8MWkCu8h"
,,,"@AnissaAnisAfiqa not included china, japan, other southeast asian countries, us lagi omg kak please dont imagine üòÇüòÇüòÇ"
,,,"‚ûûMASAKI YODA 2017/1 -Calling...(sample)(1/3 Quality)- https://t.co/DGbxP4gJaP #Èü≥Ê®Ç #Japan #information"
,,,"@BlackLodgeAgent i'm fine with that, but japan and south korea aren't real countries."
,,,"@glottis8 I just don't like the idea of taking shortcuts. I'm in Japan now because I worked hard to get here. But l‚Ä¶ https://t.co/Qms3GP1tpd"
,,,"‚ô´Very very Berry Release on apple -Utopia- https://t.co/4VWsP5VcF2 #Èü≥Ê®Ç #Japan #information"
,,,"Restart of #Nuclear Plants in #Japan is preparation for nuclear armament that Abe Govt's worshipers want

#nuclearban #hiroshima #Nagasaki"
,,,"‚ôêAKIRA(‰∫Æ) Release on apple -DARK SIDE- https://t.co/TmdC2ydd9g #Èü≥Ê®Ç #Japan #information"
,,,"Click HERE‚û°Ô∏èhttps://t.co/VC8XOE5ElW
#Finance #Politics #Business
‚ñ∂Ô∏èThe Latest: S. Korea, Japan to build support for‚Ä¶ https://t.co/boiXXEt943"
,,,"Maybe I should start posting random photos from when I was in Japan ü§î I have so many it would probably be plenty to last a long time"
,,,"Please request if there is what you want a used camera in Japan. 
Thank you!
https://t.co/uMWxubB2fZ"
,,,"‚ûöDisplay Release on apple -CAST- https://t.co/M3YAcsrbtW #Èü≥Ê®Ç #Japan #information"
,,,"@CNN We tried this peace game with Japan and got Pearl Harbor never trust a country whos soldiers march like they shit their pants ."
,,,"‚ô®PIERROT'S 2017 Release on apple -in this mind- https://t.co/NXP25SVqPj #Èü≥Ê®Ç #Japan #information"
,,,"leggy tarriest reforming abasement utilizing japan's storekeeper patrimony Shirley"
,,,"#socialmedia #itcd  Apple ARKit app lets you record Mannequin Challenge style videos with‚Ä¶ https://t.co/3NueeYtma0"
,,,"Looking for a volunteer to come help teach me how to cook, you'll get a free trip to Japan, a place to stay, and we could hang out"
,,,"‚ô®MASAKI YODA 2017/2 #NEW -Rock on baby(sample)(1/3 Quality)- https://t.co/0SzgIfoPAq  #Èü≥Ê®Ç #Japan #information"
,,,"BBC News - Japan's Princess Mako announces engagement to commoner https://t.co/0aJVAXPtff"
,,,"‚ûûVery very Berry -Night Cruising- https://t.co/wPy1RdSRVX #Èü≥Ê®Ç #Japan #information"
,,,"Do„ÄÄyou have good partner in Japan?
I can translate your english site into Japanese,and
create Japanese web site."
,,,"Now! Mather Mary appears with a title of ""Mediatrix of All Graces"" and ""Co-redemptrix"" at TERASAWA ( Akita Japan ). https://t.co/mcVBcSEI4E"
,,,"Bet365 Poker gold cup results
 #bet365 #Saudi Arabia vs Japan odds
-> https://t.co/GnvxmHjcI4
https://t.co/hPhxafvi0H"
,,,"‚ô´MASAKI YODA Release on Google play music -High- https://t.co/YDrwjFZb6s #Èü≥Ê®Ç #Japan #information"
,,,"INTERNATIONAL SALES Go Through eBay Canada Australia Norway UK Sweden USA Tokyo France Japan London England Ireland‚Ä¶ https://t.co/BqLOHu8IOs"
,,,"japan women fucking  https://t.co/pkjg2AoGap"
,,,"[Free track ship] N64 Controller Gray official genuine work from Japan
https://t.co/2DqDXUpY0P"
,,,"@Aquamaraqua You can't manage a kpop group like a jpop group.. Japan can sustain it's industry.. Korea not anywhere‚Ä¶ https://t.co/tIgMrCxBQj"
,,,"Japan's Princess Mako announces engagement to commoner https://t.co/YCt2qc66R5"
,,,"Japan voted a trap as best girl of Summer 2017

Guess it's time to rev up those nukes"
,,,"First time in Japan üòçüòä https://t.co/l8Rf49v1KF"
,,,"I liked a @YouTube video https://t.co/VO7YeqhuWt 6 Minutes in Japan: Tokyo & Kyoto - 4k"
,,,"ADIDAS NMD R1 JAPAN TRIPLE BLACK BZ0220 MENS SIZE 8.5 https://t.co/L4UExpDAA2"
,,,"‚ôêMASAKI YODA 2017/2 #NEW -Rock on baby(sample)(1/3 Quality)- https://t.co/0SzgIfoPAq  #Èü≥Ê®Ç #Japan #information"
,,,"Moon, Abe agree to pursue strong U.N. sanctions against North Korea: Blue House https://t.co/MXwqJr1KuB https://t.co/F4Udqe38tM #klout #m‚Ä¶"
,,,"anal stimulation orgasm beastly sex japan https://t.co/7HkZ6R9I79"
,,,"‚ô®MASAKI YODA 2017/2 #NEW -CRY-M(second season)(sample)(1/3 Quality)- https://t.co/RwaXKrklVW  #Èü≥Ê®Ç #Japan #information"
,,,"@CandiceLikesYou Because... hmmm... Japan?"
,,,"REUTERS: Moon, Abe agree to pursue strong U.N. sanctions against North Korea: Blue House https://t.co/rfm4EB2o8L https://t.co/89Fd5TnLBF"
,,,"‚ûûPIERROT'S on LINE MUSIC https://t.co/Np4TKBQz3L #Èü≥Ê®Ç #Japan #information"
,,,"‚ûõVery very Berry on LINE MUSIC https://t.co/VYXDRzzhhd #Èü≥Ê®Ç #Japan #information"
,,,"hot girls lick anal japan 3d porn https://t.co/bX6xzB3wAB"
,,,"Bet365 Betway games and bingo
 #skybet #Japan v Australia score
-> https://t.co/GnvxmHjcI4
https://t.co/zcYQSz8K3q"
,,,"I went to the DIC Kawamura museum https://t.co/tTGWlUJx40
#Art #Museum #Chiba #Japan"
,,,"Io had a great match and got the points üòäüë∏@shirai_io #Á¥´Èõ∑„Ç§„Ç™ #stardom #ioshirai #„Çπ„Çø„Éº„ÉÄ„É† #„Éó„É≠„É¨„Çπ #Á∂∫È∫ó„Å™ #Âº∑„ÅÑ #nxt #japan‚Ä¶ https://t.co/kJF4A5o3V6"
,,,"picture of sixy girls and boys of japan which are fucking eachother nude vietnamese girl https://t.co/u7ulW9uWA1"
,,,"‚ô™Display on LINE MUSIC https://t.co/eeDlAaAavX #Èü≥Ê®Ç #Japan #information"
,,,"‚û†MASAKI YODA 2017/1 ALBUM -Carrying The Future- https://t.co/xAaYQfHHmu #„Éè„Ç§„É¨„Çæ #Èü≥Ê®Ç #Japan #information"
,,,"Bearbrick Series 28 PATERN 100% Medicom Japan BERBRICK  https://t.co/m5t5Ec53F6"
,,,"@PawanDurani @MailOnline Japan should start accepting commoners in the royal family. Otherwise they'll be end up getting outbred."
,,,"watch porn free videos japan's oldest porn star https://t.co/8nI48n1iqX"
,,,"Obama talks with Japan about #NorthKorean nuclear test... #NorthKorea https://t.co/S87ZtW5H9g"
,,,"nude porn japan thai hardcore movies https://t.co/y7Msmw2yuD"
,,,"Japan's Princess Mako announces engagement to commoner https://t.co/vaMIgz9PNb"
,,,"Apple ARKit app lets you record Mannequin Challenge style videos with virtual objects https://t.co/meh3A1f7mz https://t.co/iQPw7S3qR4"
,,,"free junior hot porn japan nude sexy jr women https://t.co/76IbIJqgdr"
,,,"Apple ARKit app lets you record Mannequin Challenge style videos with virtual objects https://t.co/rmP6mMN7Zr https://t.co/q0CyjxxPXF"
,,,"#SpecialScholarship Program (SSP) for International #DoctoralStudents in Japan, 2017-2018... https://t.co/PM9LgqneRP"
,,,"‚ô®MASAKI YODA 2017/1 -feel in so good(sample)(1/3 Quality)- https://t.co/zspocAiBzY #Èü≥Ê®Ç #Japan #information"
,,,"@qqqq2222e @ramzpaul Not helpful to China at this point. Threaten to arm Japan with nukes. China will crush Kim."
,,,"Japan is insanely beautiful"
,,,"@Tokyo2020 @Olympics @TeamUSA @JPN_PMO @JapanGov We've Got A Problem: JAPAN BUTCHERS SHAMUs COUSINS! PLEASE HELP!‚Ä¶ https://t.co/lUR2WP2p1K"
,,,"üáØüáµJapan KBC's Morning Asadesu on #Î∞©ÌÉÑÏÜåÎÖÑÎã® #BTS's 1st Dome concert confirmed at Kyocera Dome,Osaka, 14-15Oct,a day aft‚Ä¶ https://t.co/E077PwVPre"
,,,"@TheeCurrentYear ngl it'd be pretty cool if Japan were to be the one to end NK if their nationalist rearmament is anything to go by"
,,,"‚ô©REAL -FUTURE(1/3 Quality)- https://t.co/XSCiwXUxf9 #Èü≥Ê®Ç #Japan #information"
,,,"@Bhawna_Sharma @Karthik In Japan no one is having babies. Marriage- non existent. Sex-gone virtual. Population-agei‚Ä¶ https://t.co/a85vWyRi60"
,,,"@BOBtheCAT_japan Bob is James's soul mate!‚ù§Ô∏èI love you both."
,,,"‚ñ∂MASAKI YODA NEW Album -feel in so good- on iTunes https://t.co/Mh7swWavx3 #Èü≥Ê®Ç #Japan #information"
,,,"Apple ARKit app lets you record Mannequin Challenge style videos with virtual objects https://t.co/OfqfZO3nzv #vrgaming"
,,,"Here's a tiny bit more info about my trip:
FA: https://t.co/BJKZTBX0Yx
WZL: https://t.co/JzW7Yy2U7W"
,,,"Reuters: Moon, Abe agree to pursue strong U.N. sanctions against North Korea: Blue House https://t.co/3hfXf0lxcf https://t.co/OFL48qZIWi"
,,,"young nude blonds japan girl sex video https://t.co/QlRBUaCBvF"
,,,"@Reuters China, Russia, Japan all tired of Kim. They want stability and good relations w US.
China protected Kim bu‚Ä¶ https://t.co/B3bp3QujI1"
,,,"only porn vids japan xxx sex https://t.co/yBpcZKe8ng"
,,,"I liked a @YouTube video https://t.co/jzlant198A John Oliver Japan Military"
,,,"This Apple ARKit app will give you the power to become Neo in ‚ÄòThe Matrix‚Äô anywhere you go https://t.co/X0h6YHEf2R #mobile #tech #startups‚Ä¶"
,,,"fat pink pussy japan seex 12yrs https://t.co/vFqYcYbOm8"
,,,"Apple ARKit app lets you record Mannequin Challenge style videos with virtual objects https://t.co/q6zJih12fG‚Ä¶ https://t.co/6Z3eOnmj7O"
,,,"Check out FM fan 1977 25/July Japan Music Magazine Bette Midler Marvin Gaye Twiggy  https://t.co/KOIdEMcwbx via @eBay"
,,,"Whale prices at the current catch limits aren't nearly enough to pay for the expenses of the whaling itself. #Japan #OpWhales"
,,,"[instagram]#river #summer #friends #clean #cool #refresh #nature #japan #tokyo #film #canon #photography 
#Â∑ù #Â§è #Ëá™‚Ä¶‚Ä¶ https://t.co/PHHdRtyLSM"
,,,"Hey guys! I'm still here for about 6 hours, but I'm leaving after that to go to Japan! I'll be gone til Sept 20th.  See you when I get back!"
,,,"‚Äúdeterrence...not about denuclearizing North Korea...is about maintaining peace and the security of Japan and [ROK]‚Äù https://t.co/NIiICqFEhk"
,,,"(North Korea)
... has changed since. What Trump has managed over the last few months is to get Japan and South Korea to be ""all in"", vs."
,,,"Bet365 casino.exe PaddyPower
 #bet365 #Saudi Arabia vs Japan odds
-> https://t.co/cgF2HozpqJ
https://t.co/z1vUFU2CiZ"
,,,"I miss being in Japan and having actual interesting things to post about...."
,,,"San Japan was a blast and completely unrelated I have a date Tuesday!!!!!"
,,,"hot sexy porn videos free japan queen s fucking video https://t.co/YZOdOTu3gN"
,,,"artscape Japan/Focus: Plant Life: The Botanical Illustrations of Kawahara Keiga https://t.co/Qd8D47qLvo"
,,,"#NowPlaying #How Could I?  #Queensryche  #Japan #ROCK  #jpop #BGM #song #AmebaMeister RockMaMa‚òÜAKI‚Üíhttps://t.co/AHO4uSnK8v #„Å™„ÅÜ„Å∑„Çå"
,,,"China's invisible influence on global economics | The Japan Times https://t.co/nUFmzsfTKh"
,,,"#NowPlaying  Marilyn (Bonus Track For Japan) - Jayce Landberg / Break  
The Spell"
,,,"What a disgusting company. https://t.co/ywr1hYEnB8"
,,,"Congrats! MTV Best Group Video Japan 2017 winner is "" BLAST!"" by MomocloüçÄ

https://t.co/rERNoz22v2 https://t.co/jSezH6Sryh"
,,,"world history class is giving me a semi-unironic admiration for westernizing Meiji Japan"
,,,"@nytopinion ...any.......attack on japan will be an automatic response...........don't kid thyself...."
,,,"How Japan got new contract law it neither wants nor needs | The Japan Times https://t.co/21Xa9QtRJW"
,,,"BBC News - Japan's Princess Mako announces engagement to commoner https://t.co/imJuRk7uTQ"
,,,"china sexuck school japan you are fucking https://t.co/fVgvwYC6nL"
,,,"Japan""s Princess Mako engaged to college love. #D4 https://t.co/vjDvc87lWQ https://t.co/4KFBopp2hL"
,,,"PM being received on arrival after his Japan visit by External Affairs Minister,"
,,,"I wanna move to Japan. Its normal if you suddenly disappear"
,,,"It is a cooking program of Japan.
Kyoko Fukada of the actress makes gratin of the eggplant.

https://t.co/TEartjd4f2"
,,,"I liked a @YouTube video https://t.co/cQFY6nJlOm Travel Japan Cheap"
,,,"@realDonaldTrump You don't just go starting wars on the border of China and Russia (and Japan) without discussing i‚Ä¶ https://t.co/eZiSi92FB1"
,,,"I liked a @YouTube video https://t.co/cQFY6nrKpM Travel Japan Cheap"
,,,"@alex_berg @missingfaktor I don't know, everyone seemed a lot dumber than they did in the manga/anime. I never saw the japan movie."
,,,"India, Japan set to sign ‚Äòopen skies‚Äô agreement. Direct flights from Japan to Chennai & Bengaluru soon?
https://t.co/kAMuRNSMVE"
,,,"I liked a @YouTube video https://t.co/UJDqazMUOi JAPAN HAS THE BEST SNOW IN THE WORLD!!! | Hakuba | VLOG 278"
,,,"In Japan, 40 per cent of unmarried men and women under the age of 35 are virgins, a figure provided by the... https://t.co/kkeu8dOZwd"
,,,"glamor girls naked free japan porn newsletter https://t.co/gof5XkW3kv"
,,,"Japan princess announces engagement with commoner https://t.co/M50iMnys2O via @Emirates247"
,,,"And he made corruption.And he had been wailing at interview.That is the legend and he laughed at from 2014 to today in Japan."
,,,"Because parents scramble for my child in the case of a divorce, in Japan, there is a meeting interchange support group. #visitation"
,,,"i'm safer than in japan after all this is the only ""good"" point https://t.co/LC2oV8YPJo"
,,,"Sony PSP One Piece ROMANCE DAWN Limited Edition (Japan Import) BRAND NEW https://t.co/Xlz4Q8Ufpp"
,,,"Quick Access Drawer Safe https://t.co/FgWF6LfwNz"
,,,"Im smokin pot while in Japan"
,,,"japan nude amateur girl ben wa sex toys https://t.co/MWV1UyzQDr"
,,,"japan teen pussy lyrics of pussy money weed https://t.co/O7DRRYPOac"
,,,"Moon, Abe agree to pursue strong U.N. sanctions against North Korea: Blue House https://t.co/SFc5FGj3p5 https://t.co/AB68EJxyb4"
,,,"Amazing artist  Choshu Horikazu horikazu from Yamaguchi Japan awesome Japanese double headed‚Ä¶ https://t.co/wKQxoVqV5p"
,,,"horny girl japan fucking couples https://t.co/Ks72F64iRV"
,,,"Wonder if the DPRK would like a missile flying over their heads like they did Japan.  #NK
Make sure you always look up.  #PreciousSeconds"
,,,"You forget to add that nazis had islamic turkey and non whites japan as allies. https://t.co/ET7j8XtEZX"
,,,"#WorldCup line-up, so far üôå

üá∑üá∫Russia
üáßüá∑Brazil
üáÆüá∑Iran
üáØüáµJapan
üá≤üáΩMexico
üáßüá™Belgium

6 down, 26 to go! üëåüèÜ"
,,,"Japan-Korea: Were Korean Men Cowards during World War II? (2languages)
‚áí https://t.co/rGWG5nqMja"
,,,"Plot‚Ä¢"
,,,"tibetan women naked japan sexy https://t.co/ZCxFEpgXnB"
,,,"The major countries where my titles sold are United States, United Kingdom, Denmark, France, Mexico, Italy, Natherland, Japan and India."
,,,"original apparel brand from japan.made with https://t.co/r5hSVd5IkP #worldwide #fashion #egypt #africa https://t.co/fZ8slkSR9k"
,,,"Moon, Abe agree to pursue strong U.N. sanctions against North Korea: Blue House https://t.co/d7LQEueQ6F https://t.co/CCpSqt73NM Reuters"
,,,"ÎÇ®ÏûêÍ∞Ä ÏÇ¨ÎûëÌï† Îïå
I Just Can‚Äôt Stop Loving You
I Just Can‚Äôt Stop Loving You
Bokuwa koi suru
Kinimi koi shiteru~ -INFINITE Man In Love Japan-"
,,,"My baby's japanese have always been good enough to roam around japan"
,,,"Happy cus Bobby's solo/iKON's cb but pissed cus trump I hate America I'm going to Japan to chew on Jinhwan's butt hairs ok bye everyone"
,,,"Apple ARKit app lets you record Mannequin Challenge style videos with virtual objects https://t.co/p9pXnhLZi4 

While some developers work‚Ä¶"
,,,"A new and improved SM-3 Block IIA variant, now being co-developed with Japan,"
,,,"ONELOVEÔºÅÔºÅ
inna DEH japan!!  https://t.co/yDiAYXjkVv"
,,,"Equities at 10 AM:
Philippines: +0.87%
China: +0.14%
Lebanon: +0.05%
Japan: -0.95%
Korea: -0.86% https://t.co/tXEZ0Salxz"
,,,"Automated parking building on a ~2000 sq ft lot in Nagoya, Japan https://t.co/ky2DeNssqY"
,,,"@CNORichardson @USPacificFleet @USFleetForces @US7thFleet @ussenate Looked away for years, 17 dead & ruined careershttps://t.co/FifuAoBb6I"
,,,"xxx girl japan free movies online sunshine cruz sex scandal https://t.co/Z3zjWiOh2n"
,,,"@blackwings2011 hello joseph, would you happen to know the next start for Otani? In Japan and was hoping to see him pitch ü§ûüèº"
,,,"mashabletech: This Apple ARKit app will give you the power to become Neo in ‚ÄòThe Matrix‚Äô anywhere you go https://t.co/tFRytTTm3h"
,,,"@POTUS @ambchrishill @JeffreyGoldberg @Max_Fisher 5. Consider, however, that our combined trade deficit with China,‚Ä¶ https://t.co/KRbendTtN1"
,,,"#Icelandic #endangered #FinWhale meat back on the menu in #Japan after winterbay docked #OpWhales https://t.co/AT3IhXS2Ol"
,,,"‚òÖ3/11 was Japan's 9/11‚òÖ[Jim Stone ; Inside Fukushima]<https://t.co/dvCAzMpWIQ>„Äêhttps://t.co/J2Hl5s1u3U„Äë#france #spain #china #nato #uk #bbc"
,,,"'Because I Love You' is coming to Australia!!
from a administrator of [ÍπÄÏú†Ï†ï JAPAN YOUJUNGDAY] who is currently study‚Ä¶ https://t.co/Qc0jq7J6i2"
,,,"Bounded After Caught Masturbating! -DDSP-001 - Full version... https://t.co/XuPCK3mnaV #BONDAGE via @clips4sale https://t.co/mcM5uJMLuu"
,,,"„ÄêUNESCO World Heritage„Äë

ÔΩûHimeji CastleÔΩûJapan

   https://t.co/EPaHOk5TlI"
,,,"Current time in Japan September 04, 2017 at 01:30PM"
,,,"Goddess Worshiped and Sensually Conquered! - Part 5 (High... https://t.co/O3CnkivtvO #ASSFETISH via @clips4sale https://t.co/DLle2ES5sK"
,,,"big black tits porn videos japan adult dvds https://t.co/xh7CcryYSt"
,,,"Apple ARKit app lets you record Mannequin Challenge style videos with virtual objects https://t.co/kLsZ6tGf04"
,,,"The Tit Specialist, At Your Service! Part 2 -... https://t.co/xLeBRFA6EM #TITSUCKING/NIPPLEFETISH via @clips4sale https://t.co/7lBX1jTPc2"
,,,"#Japan PM #ShinzoAbe says aims to increase missile defence capabilities
https://t.co/hMsNmNbdHb https://t.co/ZF70JFeDC6"
,,,"sexy cheerleaders gallery xxx japan https://t.co/H2k80Phzqm"
,,,"Amazing story on liberalization of society and money

https://t.co/KM1EBau5hb"
,,,"Lady Guards Gangbang a Prisoner with Cock Torture! -... https://t.co/pmKD9KRavL #FOOTDOMINATION via @clips4sale https://t.co/d6ycfpeU3y"
,,,"Japan by prefecture: #Hokkaido and #Tohoku - two regions for the price of one! #travel #japan #explore‚Ä¶ https://t.co/aaVKkxVFEI"
,,,"Bounded After Caught Masturbating!  -DDSP-001 - Part 1 (High... https://t.co/ODvHmM7VJN #BONDAGE via @clips4sale https://t.co/HqNvkHY12d"
,,,"#DidYouKnow that lightning strikes help spur the growth of some mushroom species?
https://t.co/ntn2A8HhTQ"
,,,"Moon, Abe agree to pursue strong U.N. sanctions against North Korea: Blue House https://t.co/bxiSH2Sh7q https://t.co/SoDnqMbejR"
,,,"China pushes natural allies India and Japan closer to US, writes @Chellaney https://t.co/iAG3H6Vhah https://t.co/6MnlCbskjC"
,,,"Goddess Worshiped and Sensually Conquered! - Part 6 (High... https://t.co/4vMoxc9FSy #ASSFETISH via @clips4sale https://t.co/hGA8JWVN9u"
,,,"This Apple ARKit app will give you the power to become Neo in ‚ÄòThe Matrix‚Äô anywhere you go https://t.co/bCp8rokKxE"
